exchange,pair,model,prediction_close,prediction_trend,prediction_percentage_trend,date,real_close,real_trend,real_percentage_trend,close_diff,trend_diff,trend_percentage_diff,percentage_diff,prediction_close_on_precentage
poloniex,USDT_BTC,LSTMCloseFeature,2947.354736328125,108.056396484375,3.8057429530396396,2017-08-07,,,,,,,,3351.8874398809858
poloniex,USDT_BTC,LSTM5Features,2813.034912109375,100.77099609375,3.715383134314776,2017-08-07,,,,,,,,3348.969721334423
poloniex,USDT_BTC,LSTMHighLow,2825.179443359375,76.048583984375,2.766277339073784,2017-08-07,,,,,,,,3318.323095206756
poloniex,USDT_BTC,LSTMHighLowRaw,2995.21484375,246.083984375,8.951337603148723,2017-08-07,,,,,,,,3518.0386911294063
poloniex,USDT_BTC,LSTMRSIVariability,3047.162353515625,572.87744140625,23.15325282882888,2017-08-07,,,,,,,,3976.618533756677
poloniex,USDT_LTC,LSTMCloseFeature,43.17604064941406,-0.18312454223632812,-0.42234333024380305,2017-08-07,,,,,,,,45.2481484210383
poloniex,USDT_LTC,LSTM5Features,48.66808319091797,-0.12341690063476562,-0.25294754291871585,2017-08-07,,,,,,,,45.32512197096029
poloniex,USDT_LTC,LSTMHighLow,46.04310607910156,0.23126602172851562,0.5048171421162884,2017-08-07,,,,,,,,45.6694507097897
poloniex,USDT_LTC,LSTMHighLowRaw,47.79319763183594,1.9813575744628906,4.324990159708739,2017-08-07,,,,,,,,47.4053396780081
poloniex,USDT_LTC,LSTMRSIVariability,46.84980010986328,-4.792911529541016,-9.280906012464186,2017-08-07,,,,,,,,41.222812091107166
poloniex,USDT_ETH,LSTMCloseFeature,275.98724365234375,5.30401611328125,1.959491972037988,2017-08-07,,,,,,,,269.6930522152377
poloniex,USDT_ETH,LSTM5Features,316.5438232421875,19.0086669921875,6.388712927831533,2017-08-07,,,,,,,,281.4087845654072
poloniex,USDT_ETH,LSTMHighLow,228.12416076660156,2.2119140625,0.9791032114328672,2017-08-07,,,,,,,,267.09982590456104
poloniex,USDT_ETH,LSTMHighLowRaw,248.0367431640625,22.124496459960938,9.793402873346421,2017-08-07,,,,,,,,290.4145299402886
poloniex,USDT_ETH,LSTMRSIVariability,280.087646484375,4.946533203125,1.7978168162998747,2017-08-07,,,,,,,,269.2654052607948
poloniex,USDT_ETC,LSTMCloseFeature,16.179229736328125,-0.009424209594726562,-0.058214905490027294,2017-08-07,,,,,,,,15.423398553112765
poloniex,USDT_ETC,LSTM5Features,17.174367904663086,-0.08439826965332031,-0.48901682079056963,2017-08-07,,,,,,,,15.356915553726258
poloniex,USDT_ETC,LSTMHighLow,15.957952499389648,-0.11366462707519531,-0.7072382709268615,2017-08-07,,,,,,,,15.323238784844179
poloniex,USDT_ETC,LSTMHighLowRaw,18.01543426513672,1.943817138671875,12.09472029713193,2017-08-07,,,,,,,,17.298885998558536
poloniex,USDT_ETC,LSTMRSIVariability,14.867232322692871,-2.0693140029907227,-12.218039989963543,2017-08-07,,,,,,,,13.546847834745863
poloniex,USDT_XRP,LSTMCloseFeature,0.2706185281276703,0.0012126564979553223,0.4501225198321062,2017-08-07,,,,,,,,0.18111162112831855
poloniex,USDT_BTC,LSTMCloseFeature,2839.29833984375,232.303466796875,8.910775744080187,2017-08-06,3228.99999993,-27.53665602000001,-0.8455810245429893,-389.70166008624983,259.840122816875,9.756356768623176,8.285825621618724,3546.7193343854724
poloniex,USDT_BTC,LSTM5Features,2712.263916015625,105.26904296875,4.037945914550988,2017-08-06,3228.99999993,-27.53665602000001,-0.8455810245429893,-516.7360839143748,132.80569898875,4.8835269390939775,6.2488378505903945,3388.0338448047883
poloniex,USDT_BTC,LSTMHighLow,2749.130859375,21.0419921875,0.7713088983495271,2017-08-06,3228.99999993,-27.53665602000001,-0.8455810245429893,-479.86914055499983,48.57864820750001,1.6168899228925164,6.728917796621495,3281.6546129553562
poloniex,USDT_BTC,LSTMHighLowRaw,2749.130859375,21.0419921875,0.7713088983495271,2017-08-06,3228.99999993,-27.53665602000001,-0.8455810245429893,-479.86914055499983,48.57864820750001,1.6168899228925164,6.728917796621495,3281.6546129553562
poloniex,USDT_BTC,LSTMRSIVariability,2474.284912109375,67.384765625,2.799649404792516,2017-08-06,3228.99999993,-27.53665602000001,-0.8455810245429893,-754.7150878206248,94.92142164500001,3.6452304293355056,4.278435732952307,3347.7082650551542
poloniex,USDT_BTC,Atr14Moment20,3120.5751953125,170.517578125,5.780143992155874,2017-08-06,3228.99999993,-27.53665602000001,-0.8455810245429893,-108.42480461749983,198.054234145,6.625725016698863,29.781008241806298,3444.7691638212477
poloniex,USDT_BTC,Atr14Moment20LowHigh,2875.94580078125,6.570556640625,0.22898910325661764,2017-08-06,3228.99999993,-27.53665602000001,-0.8455810245429893,-353.05419914874983,34.10721266062501,1.074570127799607,9.145904531699248,3263.9937700356827
poloniex,USDT_BTC,Macd_12_26_9stoch_d_14_3roc_14,2576.226806640625,-245.847412109375,-8.711585630028889,2017-08-06,3228.99999993,-27.53665602000001,-0.8455810245429893,-652.7731932893748,-218.310756089375,-7.8660046054859,4.946587931497031,2972.840676593636
poloniex,USDT_BTC,Moment_20ema_rel_diff_10ma_rel_diff_50,2803.06591796875,1427.4013671875,103.76085989690351,2017-08-06,3228.99999993,-27.53665602000001,-0.8455810245429893,-425.93408196124983,1454.9380232075,104.6064409214465,7.5809852666914885,6635.547093021585
poloniex,USDT_BTC,Roc_14moment_20ema_rel_diff_10,2555.515380859375,1020.176513671875,66.44634194278416,2017-08-06,3228.99999993,-27.53665602000001,-0.8455810245429893,-673.4846190706248,1047.713169691875,67.29192296732715,4.794467324860156,5420.386137854645
poloniex,USDT_LTC,LSTMCloseFeature,43.35916519165039,-5.211174011230469,-10.729128304958136,2017-08-06,45.44006149,-0.7255385099999998,-1.571599870899544,-2.0808962983496073,-4.485635501230469,-9.157528434058593,21.83677366625105,41.21243354324625
poloniex,USDT_LTC,LSTM5Features,48.791500091552734,0.221160888671875,0.45534145386153135,2017-08-06,45.44006149,-0.7255385099999998,-1.571599870899544,3.3514386015527364,0.9466993986718748,2.0269413247610752,-13.558375041973742,46.3758111142239
poloniex,USDT_LTC,LSTMHighLow,45.81184005737305,0.9647293090820312,2.151151530132393,2017-08-06,45.44006149,-0.7255385099999998,-1.571599870899544,0.37177856737304893,1.690267819082031,3.722751401031937,-122.22345631991386,47.158692010794795
poloniex,USDT_LTC,LSTMHighLowRaw,45.81184005737305,0.9647293090820312,2.151151530132393,2017-08-06,45.44006149,-0.7255385099999998,-1.571599870899544,0.37177856737304893,1.690267819082031,3.722751401031937,-122.22345631991386,47.158692010794795
poloniex,USDT_LTC,LSTMRSIVariability,51.6427116394043,1.6043968200683594,3.20633663595798,2017-08-06,45.44006149,-0.7255385099999998,-1.571599870899544,6.202650149404299,2.329935330068359,4.7779365068575235,-7.325910763218533,47.64582454600981
poloniex,USDT_ETH,LSTMCloseFeature,270.6832275390625,-11.275390625,-3.998952292509541,2017-08-06,264.51,10.419999999999987,4.100909126687389,6.173227539062509,-21.695390624999987,-8.09986141919693,-42.84792652243133,243.9290621199625
poloniex,USDT_ETH,LSTM5Features,297.53515625,15.5765380859375,5.524405739878475,2017-08-06,264.51,10.419999999999987,4.100909126687389,33.02515625000001,5.1565380859375125,1.4234966131910856,-8.009348933814655,268.12696254445723
poloniex,USDT_ETH,LSTMHighLow,225.91224670410156,-2.1990509033203125,-0.9640254237231447,2017-08-06,264.51,10.419999999999987,4.100909126687389,-38.59775329589843,-12.6190509033203,-5.064934550410534,6.8529895502520874,251.64050780086185
poloniex,USDT_ETH,LSTMHighLowRaw,225.91224670410156,-2.1990509033203125,-0.9640254237231447,2017-08-06,264.51,10.419999999999987,4.100909126687389,-38.59775329589843,-12.6190509033203,-5.064934550410534,6.8529895502520874,251.64050780086185
poloniex,USDT_ETH,LSTMRSIVariability,275.14111328125,2.099853515625,0.7690608801861983,2017-08-06,264.51,10.419999999999987,4.100909126687389,10.631113281250009,-8.320146484374987,-3.331848246501191,-24.880743248829237,256.0441067904651
poloniex,USDT_ETC,LSTMCloseFeature,16.18865394592285,-1.1119441986083984,-6.427200893975368,2017-08-06,15.4323825,-0.2176174900000003,-1.390527093540275,0.7562714459228523,-0.8943267086083981,-5.036673800435094,-20.405877523470938,14.644143050735575
poloniex,USDT_ETC,LSTM5Features,17.258766174316406,-0.04183197021484375,-0.24179493602113933,2017-08-06,15.4323825,-0.2176174900000003,-1.390527093540275,1.826383674316407,0.17578551978515655,1.1487321575191356,-8.449693630653018,15.61215908253687
poloniex,USDT_ETC,LSTMHighLow,16.071617126464844,-0.08044052124023438,-0.49802027082081113,2017-08-06,15.4323825,-0.2176174900000003,-1.390527093540275,0.6392346264648445,0.13717696875976593,0.8925068227194638,-24.14196894393161,15.572059817666345
poloniex,USDT_ETC,LSTMHighLowRaw,16.071617126464844,-0.08044052124023438,-0.49802027082081113,2017-08-06,15.4323825,-0.2176174900000003,-1.390527093540275,0.6392346264648445,0.13717696875976593,0.8925068227194638,-24.14196894393161,15.572059817666345
poloniex,USDT_ETC,LSTMRSIVariability,16.936546325683594,-0.05066871643066406,-0.2982755931743226,2017-08-06,15.4323825,-0.2176174900000003,-1.390527093540275,1.5041638256835945,0.16694877356933624,1.0922515003659523,-10.25977505674056,15.603319859698045
poloniex,USDT_XRP,LSTMCloseFeature,0.26940587162971497,0.01942293345928192,7.769703645150286,2017-08-06,0.18030005,-0.003702220000000006,-2.012051264367557,0.08910582162971498,0.023125153459281927,9.781754909517844,-2.023437377068903,0.19829870107934927
poloniex,USDT_XRP,LSTM5Features,0.25272974371910095,0.0027468055486679077,1.098797209430027,2017-08-06,0.18030005,-0.003702220000000006,-2.012051264367557,0.07242969371910096,0.006449025548667914,3.110848473797584,-2.4893112305464817,0.1860240818080479
poloniex,USDT_XRP,LSTMHighLow,0.27485209703445435,0.0011840760707855225,0.43266877387282165,2017-08-06,0.18030005,-0.003702220000000006,-2.012051264367557,0.09455204703445436,0.0048862960707855285,2.444720038240379,-1.906886795738007,0.18479839036550716
poloniex,USDT_XRP,LSTMHighLowRaw,0.27485209703445435,0.0011840760707855225,0.43266877387282165,2017-08-06,0.18030005,-0.003702220000000006,-2.012051264367557,0.09455204703445436,0.0048862960707855285,2.444720038240379,-1.906886795738007,0.18479839036550716
poloniex,USDT_XRP,LSTMRSIVariability,0.23978401720523834,0.011937260627746582,5.239161973186422,2017-08-06,0.18030005,-0.003702220000000006,-2.012051264367557,0.05948396720523835,0.015639480627746588,7.25121323755398,-3.031069689382153,0.1936424469596398
poloniex,USDT_BTC,LSTMCloseFeature,2606.994873046875,-14.516357421875,-0.5537400432680711,2017-08-05,3256.53665595,393.5266574499997,13.745207234909335,-649.5417829031248,-408.0430148718747,-14.298947278177407,5.01359072143892,2847.1563656955373
poloniex,USDT_BTC,LSTM5Features,2606.994873046875,-14.516357421875,-0.5537400432680711,2017-08-05,3256.53665595,393.5266574499997,13.745207234909335,-649.5417829031248,-408.0430148718747,-14.298947278177407,5.01359072143892,2847.1563656955373
poloniex,USDT_BTC,LSTMHighLow,2728.0888671875,0.892333984375,0.032719826881231144,2017-08-05,3256.53665595,393.5266574499997,13.745207234909335,-528.4477887624998,-392.6343234656247,-13.712487408028105,6.162456774728949,2863.9467704151016
poloniex,USDT_BTC,LSTMHighLowRaw,2728.0888671875,0.892333984375,0.032719826881231144,2017-08-05,3256.53665595,393.5266574499997,13.745207234909335,-528.4477887624998,-392.6343234656247,-13.712487408028105,6.162456774728949,2863.9467704151016
poloniex,USDT_BTC,LSTMRSIVariability,2406.900146484375,4.631103515625,0.19278038524368746,2017-08-05,3256.53665595,393.5266574499997,13.745207234909335,-849.6365094656248,-388.8955539343747,-13.552426849665649,3.8328586632867085,2868.5293202046737
poloniex,USDT_BTC,Atr14Moment20,2950.0576171875,5.008544921875,0.17006660327129722,2017-08-05,3256.53665595,393.5266574499997,13.745207234909335,-306.47903876249984,-388.5181125281247,-13.575140631638037,10.625642357465079,2867.8790223557667
poloniex,USDT_BTC,Atr14Moment20LowHigh,2869.375244140625,4.375244140625,0.15271358256980802,2017-08-05,3256.53665595,393.5266574499997,13.745207234909335,-387.16141180937484,-389.1514133093747,-13.592493652339527,8.411315168861426,2867.382203638041
poloniex,USDT_BTC,Macd_12_26_9stoch_d_14_3roc_14,2822.07421875,109.28125,4.028366751862919,2017-08-05,3256.53665595,393.5266574499997,13.745207234909335,-434.46243719999984,-284.2454074499997,-9.716840483046417,7.495553992970145,2978.342541382085
poloniex,USDT_BTC,Moment_20ema_rel_diff_10ma_rel_diff_50,1375.66455078125,139.568603515625,11.291081717755446,2017-08-05,3256.53665595,393.5266574499997,13.745207234909335,-1880.8721051687498,-253.95805393437468,-2.454125517153889,1.731397178468882,3186.274797018144
poloniex,USDT_BTC,Roc_14moment_20ema_rel_diff_10,1535.3388671875,126.158203125,8.952592548445912,2017-08-05,3256.53665595,393.5266574499997,13.745207234909335,-1721.1977887624998,-267.3684543249997,-4.792614686463423,1.8920176851327308,3119.3236182869728
poloniex,USDT_LTC,LSTMCloseFeature,48.57033920288086,0.25018310546875,0.5177613767728475,2017-08-05,46.1656,3.0771868799999993,7.141564650872896,2.4047392028808616,-2.8270037745312493,-6.623803274100048,-19.197757471868016,43.31150828099968
poloniex,USDT_LTC,LSTM5Features,48.57033920288086,0.25018310546875,0.5177613767728475,2017-08-05,46.1656,3.0771868799999993,7.141564650872896,2.4047392028808616,-2.8270037745312493,-6.623803274100048,-19.197757471868016,43.31150828099968
poloniex,USDT_LTC,LSTMHighLow,44.847110748291016,0.517181396484375,1.166664156804702,2017-08-05,46.1656,3.0771868799999993,7.141564650872896,-1.3184892517089821,-2.5600054835156243,-5.974900494068194,35.014013151917375,43.59111019160697
poloniex,USDT_LTC,LSTMHighLowRaw,44.847110748291016,0.517181396484375,1.166664156804702,2017-08-05,46.1656,3.0771868799999993,7.141564650872896,-1.3184892517089821,-2.5600054835156243,-5.974900494068194,35.014013151917375,43.59111019160697
poloniex,USDT_LTC,LSTMRSIVariability,50.03831481933594,1.7028427124023438,3.5229669602380396,2017-08-05,46.1656,3.0771868799999993,7.141564650872896,3.8727148193359398,-1.3743441675976555,-3.6185976906348563,-11.920733168758366,44.606403677908474
poloniex,USDT_ETH,LSTMCloseFeature,281.9586181640625,9.96026611328125,3.66188472767721,2017-08-05,254.09,33.09,14.972850678733032,27.868618164062497,-23.129733886718753,-11.310965951055822,-9.117423709499075,229.09276524816664
poloniex,USDT_ETH,LSTM5Features,281.9586181640625,9.96026611328125,3.66188472767721,2017-08-05,254.09,33.09,14.972850678733032,27.868618164062497,-23.129733886718753,-11.310965951055822,-9.117423709499075,229.09276524816664
poloniex,USDT_ETH,LSTMHighLow,228.11129760742188,-5.6385040283203125,-2.4121962837456974,2017-08-05,254.09,33.09,14.972850678733032,-25.97870239257813,-38.728504028320316,-17.38504696247873,9.780704061361861,215.669046212922
poloniex,USDT_ETH,LSTMHighLowRaw,228.11129760742188,-5.6385040283203125,-2.4121962837456974,2017-08-05,254.09,33.09,14.972850678733032,-25.97870239257813,-38.728504028320316,-17.38504696247873,9.780704061361861,215.669046212922
poloniex,USDT_ETH,LSTMRSIVariability,273.041259765625,-12.821563720703125,-4.485215518525212,2017-08-05,254.09,33.09,14.972850678733032,18.951259765624997,-45.91156372070313,-19.458066197258244,-13.40755195920456,211.08767370405928
poloniex,USDT_ETC,LSTMCloseFeature,17.30059814453125,-0.15335464477539062,-0.878624152514868,2017-08-05,15.64999999,0.7894022199999995,5.312048897478499,1.6505981545312505,-0.9427568647753901,-6.190673049993367,-9.48141129749682,14.730028968784694
poloniex,USDT_ETC,LSTM5Features,17.30059814453125,-0.15335464477539062,-0.878624152514868,2017-08-05,15.64999999,0.7894022199999995,5.312048897478499,1.6505981545312505,-0.9427568647753901,-6.190673049993367,-9.48141129749682,14.730028968784694
poloniex,USDT_ETC,LSTMHighLow,16.152057647705078,0.03638267517089844,0.22575954921469407,2017-08-05,15.64999999,0.7894022199999995,5.312048897478499,0.5020576577050786,-0.753019544829101,-5.086289348263805,-31.171718526387274,14.89414698853616
poloniex,USDT_ETC,LSTMHighLowRaw,16.152057647705078,0.03638267517089844,0.22575954921469407,2017-08-05,15.64999999,0.7894022199999995,5.312048897478499,0.5020576577050786,-0.753019544829101,-5.086289348263805,-31.171718526387274,14.89414698853616
poloniex,USDT_ETC,LSTMRSIVariability,16.987215042114258,-0.1261425018310547,-0.7370996691159752,2017-08-05,15.64999999,0.7894022199999995,5.312048897478499,1.3372150521142583,-0.9155447218310542,-6.049148566594475,-11.70342793050073,14.751060353008674
poloniex,USDT_XRP,LSTMCloseFeature,0.24998293817043304,0.0009497106075286865,0.38135899246167665,2017-08-05,0.18400227,0.010402610000000007,5.992298602428143,0.06598066817043305,-0.00945289939247132,-5.610939609966466,-2.788730018991445,0.17426169791429288
poloniex,USDT_XRP,LSTM5Features,0.24998293817043304,0.0009497106075286865,0.38135899246167665,2017-08-05,0.18400227,0.010402610000000007,5.992298602428143,0.06598066817043305,-0.00945289939247132,-5.610939609966466,-2.788730018991445,0.17426169791429288
poloniex,USDT_XRP,LSTMHighLow,0.2736680209636688,0.0008971989154815674,0.3289204133875689,2017-08-05,0.18400227,0.010402610000000007,5.992298602428143,0.08966575096366883,-0.00950541108451844,-5.663378189040574,-2.0520908822205133,0.1741706647193114
poloniex,USDT_XRP,LSTMHighLowRaw,0.2736680209636688,0.0008971989154815674,0.3289204133875689,2017-08-05,0.18400227,0.010402610000000007,5.992298602428143,0.08966575096366883,-0.00950541108451844,-5.663378189040574,-2.0520908822205133,0.1741706647193114
poloniex,USDT_XRP,LSTMRSIVariability,0.22784675657749176,0.0005721300840377808,0.25173513333405895,2017-08-05,0.18400227,0.010402610000000007,5.992298602428143,0.043844486577491765,-0.009830479915962226,-5.740563469094084,-4.196702581401885,0.17403667133556847
poloniex,USDT_BTC,LSTMCloseFeature,2621.51123046875,-13.585693359375,-0.5155671215174297,2017-08-04,2863.0099985,68.11999855000022,2.4373051730557864,-241.49876803125017,-81.70569190937522,-2.952872294573216,11.855174342460927,2780.480466027679
poloniex,USDT_BTC,LSTM5Features,2621.51123046875,-13.585693359375,-0.5155671215174297,2017-08-04,2863.0099985,68.11999855000022,2.4373051730557864,-241.49876803125017,-81.70569190937522,-2.952872294573216,11.855174342460927,2780.480466027679
poloniex,USDT_BTC,LSTMHighLow,2727.196533203125,-2.674560546875,-0.09797387697164042,2017-08-04,2863.0099985,68.11999855000022,2.4373051730557864,-135.81346529687517,-70.79455909687522,-2.5352790500274267,21.08045761325459,2792.151737859956
poloniex,USDT_BTC,LSTMHighLowRaw,2727.196533203125,-2.674560546875,-0.09797387697164042,2017-08-04,2863.0099985,68.11999855000022,2.4373051730557864,-135.81346529687517,-70.79455909687522,-2.5352790500274267,21.08045761325459,2792.151737859956
poloniex,USDT_BTC,LSTMRSIVariability,2402.26904296875,-74.12109375,-2.9931105220848373,2017-08-04,2863.0099985,68.11999855000022,2.4373051730557864,-460.74095553125017,-142.24109230000022,-5.430415695140624,6.213925556495951,2711.2358532808
poloniex,USDT_BTC,Atr14Moment20,2945.049072265625,-1.15380859375,-0.0391625641684746,2017-08-04,2863.0099985,68.11999855000022,2.4373051730557864,82.03907376562483,-69.27380714375022,-2.476467737224261,-34.89812679601009,2793.795449360331
poloniex,USDT_BTC,Atr14Moment20LowHigh,2865,8.16845703125,0.28592715070492175,2017-08-04,2863.0099985,68.11999855000022,2.4373051730557864,1.9900014999998348,-59.95154151875022,-2.1513780223508645,-1438.6974072633805,2802.8813492921936
poloniex,USDT_BTC,Macd_12_26_9stoch_d_14_3roc_14,2712.79296875,120.318603515625,4.641072063397143,2017-08-04,2863.0099985,68.11999855000022,2.4373051730557864,-150.21702975000017,52.19860496562478,2.2037668903413565,19.05915729571265,2924.60285894036
poloniex,USDT_BTC,Moment_20ema_rel_diff_10ma_rel_diff_50,1236.095947265625,85.68212890625,7.4479398229449965,2017-08-04,2863.0099985,68.11999855000022,2.4373051730557864,-1626.9140512343752,17.56213035624978,5.0106346498892105,1.7597795017676392,3003.0517252637833
poloniex,USDT_BTC,Roc_14moment_20ema_rel_diff_10,1409.1806640625,40.954833984375,2.993280281957292,2017-08-04,2863.0099985,68.11999855000022,2.4373051730557864,-1453.8293344375002,-27.16516456562522,0.5559751089015057,1.9692889190516472,2878.5488912208993
poloniex,USDT_LTC,LSTMCloseFeature,48.32015609741211,0.11324310302734375,0.23491050555453433,2017-08-04,43.08841312,0.5384129999999985,1.2653654488403288,5.231742977412111,-0.4251698969726547,-1.0304549432857943,-8.235957558701353,42.64995454039535
poloniex,USDT_LTC,LSTM5Features,48.32015609741211,0.11324310302734375,0.23491050555453433,2017-08-04,43.08841312,0.5384129999999985,1.2653654488403288,5.231742977412111,-0.4251698969726547,-1.0304549432857943,-8.235957558701353,42.64995454039535
poloniex,USDT_LTC,LSTMHighLow,44.32992935180664,0.5946884155273438,1.3597465174452423,2017-08-04,43.08841312,0.5384129999999985,1.2653654488403288,1.2415162318066422,0.056275415527345274,0.09438106860491358,-34.706282540743075,43.128572264804646
poloniex,USDT_LTC,LSTMHighLowRaw,44.32992935180664,0.5946884155273438,1.3597465174452423,2017-08-04,43.08841312,0.5384129999999985,1.2653654488403288,1.2415162318066422,0.056275415527345274,0.09438106860491358,-34.706282540743075,43.128572264804646
poloniex,USDT_LTC,LSTMRSIVariability,48.335472106933594,2.4246559143066406,5.281230253310174,2017-08-04,43.08841312,0.5384129999999985,1.2653654488403288,5.247058986933595,1.8862429143066421,4.015864804469845,-8.211917042918753,44.79716359912096
poloniex,USDT_ETH,LSTMCloseFeature,271.99835205078125,8.80462646484375,3.3453025695207463,2017-08-04,221,-3.5999999999999943,-1.6028495102404248,50.99835205078125,12.404626464843744,4.948152079761171,-4.333473359687011,232.11354957114358
poloniex,USDT_ETH,LSTM5Features,271.99835205078125,8.80462646484375,3.3453025695207463,2017-08-04,221,-3.5999999999999943,-1.6028495102404248,50.99835205078125,12.404626464843744,4.948152079761171,-4.333473359687011,232.11354957114358
poloniex,USDT_ETH,LSTMHighLow,233.7498016357422,-4.5733642578125,-1.9189759588269149,2017-08-04,221,-3.5999999999999943,-1.6028495102404248,12.749801635742188,-0.9733642578125057,-0.3161264485864901,-17.333603009199695,220.28997999647476
poloniex,USDT_ETH,LSTMHighLowRaw,233.7498016357422,-4.5733642578125,-1.9189759588269149,2017-08-04,221,-3.5999999999999943,-1.6028495102404248,12.749801635742188,-0.9733642578125057,-0.3161264485864901,-17.333603009199695,220.28997999647476
poloniex,USDT_ETH,LSTMRSIVariability,285.8628234863281,-7.249755859375,-2.4733690637086188,2017-08-04,221,-3.5999999999999943,-1.6028495102404248,64.86282348632812,-3.6497558593750057,-0.870519553468194,-3.4071905618876226,219.04481308291042
poloniex,USDT_ETC,LSTMCloseFeature,17.45395278930664,-0.3779163360595703,-2.1193310325611145,2017-08-04,14.86059777,-0.4078396899999994,-2.6711291909761634,2.5933550193066406,0.02992335394042911,0.5517981584150489,-5.730259705812716,14.944848726723034
poloniex,USDT_ETC,LSTM5Features,17.45395278930664,-0.3779163360595703,-2.1193310325611145,2017-08-04,14.86059777,-0.4078396899999994,-2.6711291909761634,2.5933550193066406,0.02992335394042911,0.5517981584150489,-5.730259705812716,14.944848726723034
poloniex,USDT_ETC,LSTMHighLow,16.11567497253418,0.10174751281738281,0.6353688879466312,2017-08-04,14.86059777,-0.4078396899999994,-2.6711291909761634,1.2550772025341796,0.5095872028173822,3.3064980789227945,-11.840385388240927,15.365448361296428
poloniex,USDT_ETC,LSTMHighLowRaw,16.11567497253418,0.10174751281738281,0.6353688879466312,2017-08-04,14.86059777,-0.4078396899999994,-2.6711291909761634,1.2550772025341796,0.5095872028173822,3.3064980789227945,-11.840385388240927,15.365448361296428
poloniex,USDT_ETC,LSTMRSIVariability,17.113357543945312,-0.050853729248046875,-0.29627769338559107,2017-08-04,14.86059777,-0.4078396899999994,-2.6711291909761634,2.2527597739453125,0.35698596075195255,2.3748514975905723,-6.59661893019968,15.22320048567749
poloniex,USDT_XRP,LSTMCloseFeature,0.24903322756290436,0.0005030930042266846,0.20242736564724503,2017-08-04,0.17359966,-0.0010003400000000162,-0.5729324169530448,0.07543356756290437,0.0015034330042267008,0.7753597826002898,-2.301358209728507,0.17495343818042008
poloniex,USDT_XRP,LSTM5Features,0.24903322756290436,0.0005030930042266846,0.20242736564724503,2017-08-04,0.17359966,-0.0010003400000000162,-0.5729324169530448,0.07543356756290437,0.0015034330042267008,0.7753597826002898,-2.301358209728507,0.17495343818042008
poloniex,USDT_XRP,LSTMHighLow,0.27277082204818726,0.0008681416511535645,0.3192839621462722,2017-08-04,0.17359966,-0.0010003400000000162,-0.5729324169530448,0.09917116204818727,0.0018684816511535807,0.892216379099317,-1.7505054535475537,0.1751574697979074
poloniex,USDT_XRP,LSTMHighLowRaw,0.27277082204818726,0.0008681416511535645,0.3192839621462722,2017-08-04,0.17359966,-0.0010003400000000162,-0.5729324169530448,0.09917116204818727,0.0018684816511535807,0.892216379099317,-1.7505054535475537,0.1751574697979074
poloniex,USDT_XRP,LSTMRSIVariability,0.22727462649345398,-0.007200717926025391,-3.0709915124991625,2017-08-04,0.17359966,-0.0010003400000000162,-0.5729324169530448,0.05367496649345399,-0.006200377926025374,-2.4980590955461177,-3.2342760758159317,0.16923804881917648
poloniex,USDT_BTC,LSTMCloseFeature,2635.096923828125,-16.734130859375,-0.6310406098380578,2017-08-03,2794.88999995,95.88999994999995,3.552797330492773,-159.79307612187495,-112.62413080937495,-4.183837940330831,17.490682749096862,2681.968213940471
poloniex,USDT_BTC,LSTM5Features,2635.096923828125,-16.734130859375,-0.6310406098380578,2017-08-03,2794.88999995,95.88999994999995,3.552797330492773,-159.79307612187495,-112.62413080937495,-4.183837940330831,17.490682749096862,2681.968213940471
poloniex,USDT_BTC,LSTMHighLow,2729.87109375,-0.998779296875,-0.03657366858570401,2017-08-03,2794.88999995,95.88999994999995,3.552797330492773,-65.01890619999995,-96.88877924687495,-3.589370999078477,42.985804642004304,2698.012876684872
poloniex,USDT_BTC,LSTMHighLowRaw,2729.87109375,-0.998779296875,-0.03657366858570401,2017-08-03,2794.88999995,95.88999994999995,3.552797330492773,-65.01890619999995,-96.88877924687495,-3.589370999078477,42.985804642004304,2698.012876684872
poloniex,USDT_BTC,LSTMRSIVariability,2476.39013671875,-73.940185546875,-2.899239557375811,2017-08-03,2794.88999995,95.88999994999995,3.552797330492773,-318.49986323124995,-169.83018549687495,-6.452036887868584,8.775168603198875,2620.749524346427
poloniex,USDT_BTC,Atr14Moment20,2946.202880859375,-7.85009765625,-0.26573990762327415,2017-08-03,2794.88999995,95.88999994999995,3.552797330492773,151.31288090937505,-103.74009760624995,-3.8185372381160474,-18.47093243584416,2691.827679893248
poloniex,USDT_BTC,Atr14Moment20LowHigh,2856.83154296875,35.494384765625,1.2580695881179595,2017-08-03,2794.88999995,95.88999994999995,3.552797330492773,61.94154301875005,-60.39561518437495,-2.2947277423748136,-45.12141389671179,2732.9552981833035
poloniex,USDT_BTC,Macd_12_26_9stoch_d_14_3roc_14,2592.474365234375,200.7177734375,8.392065234644344,2017-08-03,2794.88999995,95.88999994999995,3.552797330492773,-202.41563471562495,104.82777348750005,4.839267904151571,13.807678462568166,2925.501840683051
poloniex,USDT_BTC,Moment_20ema_rel_diff_10ma_rel_diff_50,1150.413818359375,36.877685546875,3.31176371023827,2017-08-03,2794.88999995,95.88999994999995,3.552797330492773,-1644.476181590625,-59.01231440312495,-0.24103362025450314,1.6995624693369735,2788.3845025393307
poloniex,USDT_BTC,Roc_14moment_20ema_rel_diff_10,1368.225830078125,24.330078125,1.8104140957094588,2017-08-03,2794.88999995,95.88999994999995,3.552797330492773,-1426.664169871875,-71.55992182499995,-1.7423832347833144,1.9590384751871928,2747.863076443198
poloniex,USDT_LTC,LSTMCloseFeature,48.206912994384766,0.13411331176757812,0.2789796156100986,2017-08-03,42.55000012,0.7194219799999999,1.719847087917872,5.656912874384766,-0.5853086682324218,-1.4408674723077735,-7.521770454106146,41.947276926102454
poloniex,USDT_LTC,LSTM5Features,48.206912994384766,0.13411331176757812,0.2789796156100986,2017-08-03,42.55000012,0.7194219799999999,1.719847087917872,5.656912874384766,-0.5853086682324218,-1.4408674723077735,-7.521770454106146,41.947276926102454
poloniex,USDT_LTC,LSTMHighLow,43.7352409362793,0.13540267944335938,0.31055775630573546,2017-08-03,42.55000012,0.7194219799999999,1.719847087917872,1.185240816279297,-0.5840193005566405,-1.4092893316121367,-35.899877506389615,41.9604862449213
poloniex,USDT_LTC,LSTMHighLowRaw,43.7352409362793,0.13540267944335938,0.31055775630573546,2017-08-03,42.55000012,0.7194219799999999,1.719847087917872,1.185240816279297,-0.5840193005566405,-1.4092893316121367,-35.899877506389615,41.9604862449213
poloniex,USDT_LTC,LSTMRSIVariability,45.91081619262695,3.0822105407714844,7.196616592718688,2017-08-03,42.55000012,0.7194219799999999,1.719847087917872,3.360816072626953,2.3627885607714845,5.476769504800816,-12.660615517332122,44.8409644672534
poloniex,USDT_ETH,LSTMCloseFeature,263.1937255859375,8.401016235351562,3.2971964766040673,2017-08-03,224.6,7.095999979999988,3.2624687267119192,38.593725585937506,1.3050162553515747,0.03472774989214811,-5.819598823126785,224.67553424513235
poloniex,USDT_ETH,LSTM5Features,263.1937255859375,8.401016235351562,3.2971964766040673,2017-08-03,224.6,7.095999979999988,3.2624687267119192,38.593725585937506,1.3050162553515747,0.03472774989214811,-5.819598823126785,224.67553424513235
poloniex,USDT_ETH,LSTMHighLow,238.3231658935547,-1.279052734375,-0.5338234101918724,2017-08-03,224.6,7.095999979999988,3.2624687267119192,13.723165893554693,-8.375052714374988,-3.7962921369037916,-16.36648581982726,216.34291274978952
poloniex,USDT_ETH,LSTMHighLowRaw,238.3231658935547,-1.279052734375,-0.5338234101918724,2017-08-03,224.6,7.095999979999988,3.2624687267119192,13.723165893554693,-8.375052714374988,-3.7962921369037916,-16.36648581982726,216.34291274978952
poloniex,USDT_ETH,LSTMRSIVariability,293.1125793457031,5.088226318359375,1.7665958676335685,2017-08-03,224.6,7.095999979999988,3.2624687267119192,68.51257934570313,-2.0077736616406128,-1.4958728590783508,-3.2782301023393905,221.34641669629104
poloniex,USDT_ETC,LSTMCloseFeature,17.83186912536621,-0.554901123046875,-3.0179368945710685,2017-08-03,15.26843746,0.7124452899999998,4.894515479806003,2.5634316653662115,-1.2673464130468748,-7.912452374377072,-5.95624906498873,14.116701511930694
poloniex,USDT_ETC,LSTM5Features,17.83186912536621,-0.554901123046875,-3.0179368945710685,2017-08-03,15.26843746,0.7124452899999998,4.894515479806003,2.5634316653662115,-1.2673464130468748,-7.912452374377072,-5.95624906498873,14.116701511930694
poloniex,USDT_ETC,LSTMHighLow,16.013927459716797,0.05252265930175781,0.3290603800762705,2017-08-03,15.26843746,0.7124452899999998,4.894515479806003,0.7454899997167974,-0.659922630698242,-4.565455099729733,-20.481076159036732,14.603890173158474
poloniex,USDT_ETC,LSTMHighLowRaw,16.013927459716797,0.05252265930175781,0.3290603800762705,2017-08-03,15.26843746,0.7124452899999998,4.894515479806003,0.7454899997167974,-0.659922630698242,-4.565455099729733,-20.481076159036732,14.603890173158474
poloniex,USDT_ETC,LSTMRSIVariability,17.16421127319336,-0.130584716796875,-0.7550520796686699,2017-08-03,15.26843746,0.7124452899999998,4.894515479806003,1.89577381319336,-0.8430300067968748,-5.649567559474673,-8.053934152767354,14.446086848404006
poloniex,USDT_XRP,LSTMCloseFeature,0.24853013455867767,0.0005721151828765869,0.2307306633263184,2017-08-03,0.1746,0.004150000000000015,2.4347315928424846,0.07393013455867767,-0.003577884817123428,-2.2040009295161664,-2.361689195377043,0.1708432804156397
poloniex,USDT_XRP,LSTM5Features,0.24853013455867767,0.0005721151828765869,0.2307306633263184,2017-08-03,0.1746,0.004150000000000015,2.4347315928424846,0.07393013455867767,-0.003577884817123428,-2.2040009295161664,-2.361689195377043,0.1708432804156397
poloniex,USDT_XRP,LSTMHighLow,0.2719026803970337,0.0006616711616516113,0.24394215443927034,2017-08-03,0.1746,0.004150000000000015,2.4347315928424846,0.09730268039703369,-0.0034883288383484035,-2.1907894384032143,-1.7944007224422027,0.17086579940224172
poloniex,USDT_XRP,LSTMHighLowRaw,0.2719026803970337,0.0006616711616516113,0.24394215443927034,2017-08-03,0.1746,0.004150000000000015,2.4347315928424846,0.09730268039703369,-0.0034883288383484035,-2.1907894384032143,-1.7944007224422027,0.17086579940224172
poloniex,USDT_XRP,LSTMRSIVariability,0.23447534441947937,-0.0008188039064407349,-0.34799161486436975,2017-08-03,0.1746,0.004150000000000015,2.4347315928424846,0.059875344419479365,-0.00496880390644075,-2.782723207706854,-2.9160583825083943,0.16985684829246367
poloniex,USDT_BTC,LSTMCloseFeature,2651.8310546875,-13.1015625,-0.49162828416378673,2017-08-02,2699,-37.48268486999996,-1.369739522827663,-47.1689453125,24.381122369999957,0.8781112386638763,57.21985052069315,2723.0293619999343
poloniex,USDT_BTC,LSTM5Features,2651.8310546875,-13.1015625,-0.49162828416378673,2017-08-02,2699,-37.48268486999996,-1.369739522827663,-47.1689453125,24.381122369999957,0.8781112386638763,57.21985052069315,2723.0293619999343
poloniex,USDT_BTC,LSTMHighLow,2730.869873046875,13.24072265625,0.4872159490321486,2017-08-02,2699,-37.48268486999996,-1.369739522827663,31.869873046875,50.72340752624996,1.8569554718598116,-84.68813151625184,2749.81526495319
poloniex,USDT_BTC,LSTMHighLowRaw,2730.869873046875,13.24072265625,0.4872159490321486,2017-08-02,2699,-37.48268486999996,-1.369739522827663,31.869873046875,50.72340752624996,1.8569554718598116,-84.68813151625184,2749.81526495319
poloniex,USDT_BTC,LSTMRSIVariability,2550.330322265625,-39.684326171875,-1.5322046999161065,2017-08-02,2699,-37.48268486999996,-1.369739522827663,-148.669677734375,-2.2016413018750427,-0.16246517708844355,18.154340825452294,2694.5541685600315
poloniex,USDT_BTC,Atr14Moment20,2954.052978515625,15.881103515625,0.5405096839552656,2017-08-02,2699,-37.48268486999996,-1.369739522827663,255.052978515625,53.36378838562496,1.9102492067829284,-10.582115197037993,2751.273638781481
poloniex,USDT_BTC,Atr14Moment20LowHigh,2821.337158203125,-68.992431640625,-2.3870091453602944,2017-08-02,2699,-37.48268486999996,-1.369739522827663,122.337158203125,-31.509746770625043,-1.0172696225326314,-22.06198051060382,2671.162592920952
poloniex,USDT_BTC,Macd_12_26_9stoch_d_14_3roc_14,2391.756591796875,320.467041015625,15.471861039165244,2017-08-02,2699,-37.48268486999996,-1.369739522827663,-307.243408203125,357.94972588562496,16.841600561992905,8.784566008380024,3159.8674832339047
poloniex,USDT_BTC,Moment_20ema_rel_diff_10ma_rel_diff_50,1113.5361328125,9.006591796875,0.8154233510670396,2017-08-02,2699,-37.48268486999996,-1.369739522827663,-1585.4638671875,46.48927666687496,2.1851628738947024,1.7023409084609629,2758.7966036803364
poloniex,USDT_BTC,Roc_14moment_20ema_rel_diff_10,1343.895751953125,6.912109375,0.5169928153848823,2017-08-02,2699,-37.48268486999996,-1.369739522827663,-1355.104248046875,44.39479424499996,1.8867323382125454,1.9917286835238655,2750.6301037450294
poloniex,USDT_LTC,LSTMCloseFeature,48.07279968261719,0.5186653137207031,1.0906839554626488,2017-08-02,41.83057814,-1.4279392099999981,-3.300943484601416,6.242221542617187,1.9466045237207013,4.391627440064065,-6.701232542679287,43.730331058107474
poloniex,USDT_LTC,LSTM5Features,48.07279968261719,0.5186653137207031,1.0906839554626488,2017-08-02,41.83057814,-1.4279392099999981,-3.300943484601416,6.242221542617187,1.9466045237207013,4.391627440064065,-6.701232542679287,43.730331058107474
poloniex,USDT_LTC,LSTMHighLow,43.59983825683594,0.4353370666503906,1.0085534516714736,2017-08-02,41.83057814,-1.4279392099999981,-3.300943484601416,1.7692601168359374,1.8632762766503888,4.30949693627289,-23.642978068599582,43.694802619875325
poloniex,USDT_LTC,LSTMHighLowRaw,43.59983825683594,0.4353370666503906,1.0085534516714736,2017-08-02,41.83057814,-1.4279392099999981,-3.300943484601416,1.7692601168359374,1.8632762766503888,4.30949693627289,-23.642978068599582,43.694802619875325
poloniex,USDT_LTC,LSTMRSIVariability,42.82860565185547,2.2297439575195312,5.4921341743692516,2017-08-02,41.83057814,-1.4279392099999981,-3.300943484601416,0.9980275118554687,3.6576831675195294,8.793077658970667,-41.913251531745125,45.6343331647048
poloniex,USDT_ETH,LSTMCloseFeature,254.79270935058594,8.7833251953125,3.5703211995233235,2017-08-02,217.50400002,-8.595999979999988,-3.8018575762936697,37.28870933058593,17.379325175312488,7.372178775816993,-5.832972069151054,234.17249623212223
poloniex,USDT_ETH,LSTM5Features,254.79270935058594,8.7833251953125,3.5703211995233235,2017-08-02,217.50400002,-8.595999979999988,-3.8018575762936697,37.28870933058593,17.379325175312488,7.372178775816993,-5.832972069151054,234.17249623212223
poloniex,USDT_ETH,LSTMHighLow,239.6022186279297,2.6991119384765625,1.1393315926475887,2017-08-02,217.50400002,-8.595999979999988,-3.8018575762936697,22.09821860792968,11.29511191847655,4.941189168941259,-9.842603328304088,228.67602873097618
poloniex,USDT_ETH,LSTMHighLowRaw,239.6022186279297,2.6991119384765625,1.1393315926475887,2017-08-02,217.50400002,-8.595999979999988,-3.8018575762936697,22.09821860792968,11.29511191847655,4.941189168941259,-9.842603328304088,228.67602873097618
poloniex,USDT_ETH,LSTMRSIVariability,288.02435302734375,19.350677490234375,7.202297527493216,2017-08-02,217.50400002,-8.595999979999988,-3.8018575762936697,70.52035300734374,27.946677470234363,11.004155103786886,-3.0842727063114657,242.38439470966216
poloniex,USDT_ETC,LSTMCloseFeature,18.386770248413086,-0.41518402099609375,-2.2081961005064192,2017-08-02,14.55599217,-0.0830074500000002,-0.5670295249314325,3.8307780784130863,-0.33217657099609355,-1.6411665755749867,-3.799748216171758,14.31574180123801
poloniex,USDT_ETC,LSTM5Features,18.386770248413086,-0.41518402099609375,-2.2081961005064192,2017-08-02,14.55599217,-0.0830074500000002,-0.5670295249314325,3.8307780784130863,-0.33217657099609355,-1.6411665755749867,-3.799748216171758,14.31574180123801
poloniex,USDT_ETC,LSTMHighLow,15.961404800415039,-0.06973075866699219,-0.4349708004776244,2017-08-02,14.55599217,-0.0830074500000002,-0.5670295249314325,1.4054126304150394,0.013276691333008017,0.13205872445380817,-10.357095030305368,14.57532424617097
poloniex,USDT_ETC,LSTMHighLowRaw,15.961404800415039,-0.06973075866699219,-0.4349708004776244,2017-08-02,14.55599217,-0.0830074500000002,-0.5670295249314325,1.4054126304150394,0.013276691333008017,0.13205872445380817,-10.357095030305368,14.57532424617097
poloniex,USDT_ETC,LSTMRSIVariability,17.294795989990234,0.01645660400390625,0.09524412986848406,2017-08-02,14.55599217,-0.0830074500000002,-0.5670295249314325,2.7388038199902347,0.09946405400390645,0.6622736547999166,-5.314726109171229,14.652942407809519
poloniex,USDT_XRP,LSTMCloseFeature,0.2479580193758011,0.0004810243844985962,0.1943713533920604,2017-08-02,0.17045,-0.008141100000000012,-4.55851383411604,0.0775080193758011,0.008622124384498608,4.752885187508101,-2.1991272822179284,0.17893822993810776
poloniex,USDT_XRP,LSTM5Features,0.2479580193758011,0.0004810243844985962,0.1943713533920604,2017-08-02,0.17045,-0.008141100000000012,-4.55851383411604,0.0775080193758011,0.008622124384498608,4.752885187508101,-2.1991272822179284,0.17893822993810776
poloniex,USDT_XRP,LSTMHighLow,0.2712410092353821,0.00009244680404663086,0.034094521179710006,2017-08-02,0.17045,-0.008141100000000012,-4.55851383411604,0.10079100923538209,0.008233546804046643,4.5926083552957495,-1.6911230604104768,0.17865198978041458
poloniex,USDT_XRP,LSTMHighLowRaw,0.2712410092353821,0.00009244680404663086,0.034094521179710006,2017-08-02,0.17045,-0.008141100000000012,-4.55851383411604,0.10079100923538209,0.008233546804046643,4.5926083552957495,-1.6911230604104768,0.17865198978041458
poloniex,USDT_XRP,LSTMRSIVariability,0.2352941483259201,0.003690868616104126,1.5936167314765781,2017-08-02,0.17045,-0.008141100000000012,-4.55851383411604,0.06484414832592011,0.011831968616104138,6.152130565592618,-2.628610358845073,0.18143715765052806
poloniex,USDT_BTC,LSTMCloseFeature,2664.9326171875,8.25927734375,0.3108879522326129,2017-08-01,2736.48268487,-118.51731513000004,-4.151219444133101,-71.55006768249996,126.77659247375004,4.462107396365714,38.24570365206379,2863.875851036241
poloniex,USDT_BTC,LSTM5Features,2664.9326171875,8.25927734375,0.3108879522326129,2017-08-01,2736.48268487,-118.51731513000004,-4.151219444133101,-71.55006768249996,126.77659247375004,4.462107396365714,38.24570365206379,2863.875851036241
poloniex,USDT_BTC,LSTMHighLow,2717.629150390625,33.72412109375,1.256531834235021,2017-08-01,2736.48268487,-118.51731513000004,-4.151219444133101,-18.853534479374957,152.24143622375004,5.4077512783681225,145.14427986241026,2890.87398386741
poloniex,USDT_BTC,LSTMHighLowRaw,2717.629150390625,33.72412109375,1.256531834235021,2017-08-01,2736.48268487,-118.51731513000004,-4.151219444133101,-18.853534479374957,152.24143622375004,5.4077512783681225,145.14427986241026,2890.87398386741
poloniex,USDT_BTC,LSTMRSIVariability,2590.0146484375,-29.549072265625,-1.1280150214362277,2017-08-01,2736.48268487,-118.51731513000004,-4.151219444133101,-146.46803643249996,88.96824286437504,3.0232044226968737,18.68313900781426,2822.7951711379956
poloniex,USDT_BTC,Atr14Moment20,2938.171875,41.4345703125,1.4303875689884127,2017-08-01,2736.48268487,-118.51731513000004,-4.151219444133101,201.68919013000004,159.95188544250004,5.581607013121514,-13.567820283804911,2895.837565094619
poloniex,USDT_BTC,Atr14Moment20LowHigh,2890.32958984375,2.303955078125,0.07977612976804395,2017-08-01,2736.48268487,-118.51731513000004,-4.151219444133101,153.84690497375004,120.82127020812504,4.230995573901145,-17.78705060941531,2857.2776085048777
poloniex,USDT_BTC,Macd_12_26_9stoch_d_14_3roc_14,2071.28955078125,245.123291015625,13.42283539107139,2017-08-01,2736.48268487,-118.51731513000004,-4.151219444133101,-665.19313408875,363.64060614562504,17.574054835204493,4.113816791898665,3238.221950415088
poloniex,USDT_BTC,Moment_20ema_rel_diff_10ma_rel_diff_50,1104.529541015625,-5.8331298828125,-0.5253355534811601,2017-08-01,2736.48268487,-118.51731513000004,-4.151219444133101,-1631.953143854375,112.68418524718754,3.625883890651941,1.6768144938321747,2840.001669948113
poloniex,USDT_BTC,Roc_14moment_20ema_rel_diff_10,1336.983642578125,32.4249267578125,2.4855091890151955,2017-08-01,2736.48268487,-118.51731513000004,-4.151219444133101,-1399.499042291875,150.94224188781254,6.636728633148296,1.9553301589893393,2925.961287346384
poloniex,USDT_LTC,LSTMCloseFeature,47.554134368896484,0.47443389892578125,1.0077249731620403,2017-08-01,43.25851735,1.0536145099999956,2.496426810871425,4.295617018896486,-0.5791806110742144,-1.4887018377093848,-10.070385036586154,42.630212185817456
poloniex,USDT_LTC,LSTM5Features,47.554134368896484,0.47443389892578125,1.0077249731620403,2017-08-01,43.25851735,1.0536145099999956,2.496426810871425,4.295617018896486,-0.5791806110742144,-1.4887018377093848,-10.070385036586154,42.630212185817456
poloniex,USDT_LTC,LSTMHighLow,43.16450119018555,-0.12628936767578125,-0.29172340363474353,2017-08-01,43.25851735,1.0536145099999956,2.496426810871425,-0.09401615981445133,-1.1799038776757769,-2.7881502145061687,460.11789287473835,42.08178126093442
poloniex,USDT_LTC,LSTMHighLowRaw,43.16450119018555,-0.12628936767578125,-0.29172340363474353,2017-08-01,43.25851735,1.0536145099999956,2.496426810871425,-0.09401615981445133,-1.1799038776757769,-2.7881502145061687,460.11789287473835,42.08178126093442
poloniex,USDT_LTC,LSTMRSIVariability,40.59886169433594,1.4180107116699219,3.6191421985634347,2017-08-01,43.25851735,1.0536145099999956,2.496426810871425,-2.6596556556640607,0.36439620166992626,1.1227153876920095,16.264706018568877,43.73235828854514
poloniex,USDT_ETH,LSTMCloseFeature,246.00938415527344,3.149566650390625,1.2968661027373545,2017-08-01,226.1,25.609999999999985,12.773704424160798,19.909384155273443,-22.46043334960936,-11.476838321423443,-11.356453732402988,203.09008684937814
poloniex,USDT_ETH,LSTM5Features,246.00938415527344,3.149566650390625,1.2968661027373545,2017-08-01,226.1,25.609999999999985,12.773704424160798,19.909384155273443,-22.46043334960936,-11.476838321423443,-11.356453732402988,203.09008684937814
poloniex,USDT_ETH,LSTMHighLow,236.90310668945312,7.0713958740234375,3.0767711944250564,2017-08-01,226.1,25.609999999999985,12.773704424160798,10.80310668945313,-18.538604125976548,-9.696933229735741,-20.929164776345047,206.6586185677028
poloniex,USDT_ETH,LSTMHighLowRaw,236.90310668945312,7.0713958740234375,3.0767711944250564,2017-08-01,226.1,25.609999999999985,12.773704424160798,10.80310668945313,-18.538604125976548,-9.696933229735741,-20.929164776345047,206.6586185677028
poloniex,USDT_ETH,LSTMRSIVariability,268.6736755371094,6.90478515625,2.6377409271987657,2017-08-01,226.1,25.609999999999985,12.773704424160798,42.57367553710938,-18.705214843749985,-10.135963496962031,-5.310793516122885,205.7784067849408
poloniex,USDT_ETC,LSTMCloseFeature,18.80195426940918,-0.11839866638183594,-0.6257740898578326,2017-08-01,14.63899962,0.9303515600000001,6.786603288143646,4.16295464940918,-1.048750226381836,-7.412377378001478,-3.5164926963779477,13.622862892370721
poloniex,USDT_ETC,LSTM5Features,18.80195426940918,-0.11839866638183594,-0.6257740898578326,2017-08-01,14.63899962,0.9303515600000001,6.786603288143646,4.16295464940918,-1.048750226381836,-7.412377378001478,-3.5164926963779477,13.622862892370721
poloniex,USDT_ETC,LSTMHighLow,16.03113555908203,-0.11546707153320312,-0.7151168216295137,2017-08-01,14.63899962,0.9303515600000001,6.786603288143646,1.3921359390820314,-1.0458186315332032,-7.50172010977316,-10.515495799679517,13.610615211704951
poloniex,USDT_ETC,LSTMHighLowRaw,16.03113555908203,-0.11546707153320312,-0.7151168216295137,2017-08-01,14.63899962,0.9303515600000001,6.786603288143646,1.3921359390820314,-1.0458186315332032,-7.50172010977316,-10.515495799679517,13.610615211704951
poloniex,USDT_ETC,LSTMRSIVariability,17.278339385986328,-0.041851043701171875,-0.24163154482087856,2017-08-01,14.63899962,0.9303515600000001,6.786603288143646,2.6393397659863282,-0.972202603701172,-7.028234832964525,-5.546462720963614,13.675523641918565
poloniex,USDT_XRP,LSTMCloseFeature,0.2474769949913025,-0.0016772747039794922,-0.6731872209257401,2017-08-01,0.1785911,0.015591090000000002,9.565085302755504,0.06888589499130249,-0.017268364703979494,-10.238272523681244,-2.5925641239407407,0.16190271476257231
poloniex,USDT_XRP,LSTM5Features,0.2474769949913025,-0.0016772747039794922,-0.6731872209257401,2017-08-01,0.1785911,0.015591090000000002,9.565085302755504,0.06888589499130249,-0.017268364703979494,-10.238272523681244,-2.5925641239407407,0.16190271476257231
poloniex,USDT_XRP,LSTMHighLow,0.27114856243133545,-0.000299304723739624,-0.11026232288229203,2017-08-01,0.1785911,0.015591090000000002,9.565085302755504,0.09255746243133545,-0.015890394723739626,-9.675347625637796,-1.9295159494296783,0.16282028240267563
poloniex,USDT_XRP,LSTMHighLowRaw,0.27114856243133545,-0.000299304723739624,-0.11026232288229203,2017-08-01,0.1785911,0.015591090000000002,9.565085302755504,0.09255746243133545,-0.015890394723739626,-9.675347625637796,-1.9295159494296783,0.16282028240267563
poloniex,USDT_XRP,LSTMRSIVariability,0.23160327970981598,-0.0027541667222976685,-1.1751991516495162,2017-08-01,0.1785911,0.015591090000000002,9.565085302755504,0.053012179709815976,-0.01834525672229767,-10.740284454405021,-3.3688692103888584,0.16108443526529137
poloniex,USDT_BTC,LSTMCloseFeature,2656.67333984375,19.948974609375,0.7565817220944807,2017-07-31,2855,102,3.70504903741373,-198.32666015625,-82.051025390625,-2.9484673153192493,14.395442336147406,2773.828694809261
poloniex,USDT_BTC,LSTM5Features,2656.67333984375,19.948974609375,0.7565817220944807,2017-07-31,2855,102,3.70504903741373,-198.32666015625,-82.051025390625,-2.9484673153192493,14.395442336147406,2773.828694809261
poloniex,USDT_BTC,LSTMHighLow,2683.905029296875,24.170166015625,0.908743437148726,2017-07-31,2855,102,3.70504903741373,-171.094970703125,-77.829833984375,-2.796305600265004,16.686638936651423,2778.0177068247044
poloniex,USDT_BTC,LSTMHighLowRaw,2683.905029296875,24.170166015625,0.908743437148726,2017-07-31,2855,102,3.70504903741373,-171.094970703125,-77.829833984375,-2.796305600265004,16.686638936651423,2778.0177068247044
poloniex,USDT_BTC,LSTMRSIVariability,2619.563720703125,9.665283203125,0.370331774763745,2017-07-31,2855,102,3.70504903741373,-235.436279296875,-92.334716796875,-3.3347172626499852,12.126423372499733,2763.195233759246
poloniex,USDT_BTC,Atr14Moment20,2896.7373046875,43.87353515625,1.537876979084031,2017-07-31,2855,102,3.70504903741373,41.7373046875,-58.12646484375,-2.167172058329699,-68.40403378647137,2795.3377532341833
poloniex,USDT_BTC,Atr14Moment20LowHigh,2888.025634765625,8.66796875,0.30103827851280784,2017-07-31,2855,102,3.70504903741373,33.025634765625,-93.33203125,-3.404010758900922,-86.4479977526927,2761.2875838074574
poloniex,USDT_BTC,Macd_12_26_9stoch_d_14_3roc_14,1826.166259765625,110.4739990234375,6.439033476530796,2017-07-31,2855,102,3.70504903741373,-1028.833740234375,8.4739990234375,2.7339844391170662,2.7749867528154866,2930.2665916088927
poloniex,USDT_BTC,Moment_20ema_rel_diff_10ma_rel_diff_50,1110.3626708984375,-43.3607177734375,-3.7583287466636874,2017-07-31,2855,102,3.70504903741373,-1744.6373291015625,-145.3607177734375,-7.463377784077418,1.636443260944234,2649.5332096043485
poloniex,USDT_BTC,Roc_14moment_20ema_rel_diff_10,1304.5587158203125,27.8359375,2.1802648133701847,2017-07-31,2855,102,3.70504903741373,-1550.4412841796875,-74.1640625,-1.5247842240435454,1.8414112350668814,2813.022690312081
poloniex,USDT_LTC,LSTMCloseFeature,47.0797004699707,-0.040538787841796875,-0.08603264431658329,2017-07-31,42.20490284,2.1948996899999997,5.485877323656245,4.8747976299707005,-2.2354384778417966,-5.571909967972829,-8.657775367026604,39.97558148629891
poloniex,USDT_LTC,LSTM5Features,47.0797004699707,-0.040538787841796875,-0.08603264431658329,2017-07-31,42.20490284,2.1948996899999997,5.485877323656245,4.8747976299707005,-2.2354384778417966,-5.571909967972829,-8.657775367026604,39.97558148629891
poloniex,USDT_LTC,LSTMHighLow,43.29079055786133,-0.4423065185546875,-1.0113770762263496,2017-07-31,42.20490284,2.1948996899999997,5.485877323656245,1.0858877178613255,-2.6372062085546872,-6.4972543998825945,-38.866728249881376,39.60535114994346
poloniex,USDT_LTC,LSTMHighLowRaw,43.29079055786133,-0.4423065185546875,-1.0113770762263496,2017-07-31,42.20490284,2.1948996899999997,5.485877323656245,1.0858877178613255,-2.6372062085546872,-6.4972543998825945,-38.866728249881376,39.60535114994346
poloniex,USDT_LTC,LSTMRSIVariability,39.180850982666016,-0.23192977905273438,-0.5884633729726716,2017-07-31,42.20490284,2.1948996899999997,5.485877323656245,-3.024051857333987,-2.426829469052734,-6.074340696628917,13.956408431834225,39.774558935937044
poloniex,USDT_ETH,LSTMCloseFeature,242.8598175048828,2.6304168701171875,1.094960426645013,2017-07-31,200.49,5.757579990000011,2.9566622700546445,42.3698175048828,-3.127163119882823,-1.8617018434096315,-4.7319061493926675,196.86466294695765
poloniex,USDT_ETH,LSTM5Features,242.8598175048828,2.6304168701171875,1.094960426645013,2017-07-31,200.49,5.757579990000011,2.9566622700546445,42.3698175048828,-3.127163119882823,-1.8617018434096315,-4.7319061493926675,196.86466294695765
poloniex,USDT_ETH,LSTMHighLow,229.8317108154297,14.725799560546875,6.845836766939432,2017-07-31,200.49,5.757579990000011,2.9566622700546445,29.34171081542968,8.968219570546864,3.8891744968847877,-6.8329349048921175,208.0634836161955
poloniex,USDT_ETH,LSTMHighLowRaw,229.8317108154297,14.725799560546875,6.845836766939432,2017-07-31,200.49,5.757579990000011,2.9566622700546445,29.34171081542968,8.968219570546864,3.8891744968847877,-6.8329349048921175,208.0634836161955
poloniex,USDT_ETH,LSTMRSIVariability,261.7688903808594,5.4324951171875,2.119283573290303,2017-07-31,200.49,5.757579990000011,2.9566622700546445,61.278890380859366,-0.32508487281251064,-0.8373786967643415,-3.2717628983475135,198.85935219914262
poloniex,USDT_ETC,LSTMCloseFeature,18.920352935791016,0.2041912078857422,1.09098869124057,2017-07-31,13.70864806,0.05982705999999993,0.4383313401208788,5.211704875791016,0.14436414788574226,0.6526573511196911,-2.6303577018872053,13.797728093597668
poloniex,USDT_ETC,LSTM5Features,18.920352935791016,0.2041912078857422,1.09098869124057,2017-07-31,13.70864806,0.05982705999999993,0.4383313401208788,5.211704875791016,0.14436414788574226,0.6526573511196911,-2.6303577018872053,13.797728093597668
poloniex,USDT_ETC,LSTMHighLow,16.146602630615234,-0.04068756103515625,-0.251354986248059,2017-07-31,13.70864806,0.05982705999999993,0.4383313401208788,2.4379545706152346,-0.10051462103515618,-0.6896863263689379,-5.623012104175727,13.614514007852428
poloniex,USDT_ETC,LSTMHighLowRaw,16.146602630615234,-0.04068756103515625,-0.251354986248059,2017-07-31,13.70864806,0.05982705999999993,0.4383313401208788,2.4379545706152346,-0.10051462103515618,-0.6896863263689379,-5.623012104175727,13.614514007852428
poloniex,USDT_ETC,LSTMRSIVariability,17.3201904296875,-0.11730766296386719,-0.6727321909403036,2017-07-31,13.70864806,0.05982705999999993,0.4383313401208788,3.6115423696875,-0.17713472296386712,-1.1110635310611823,-3.7957876875707766,13.557000987449179
poloniex,USDT_XRP,LSTMCloseFeature,0.24915426969528198,-0.0026578307151794434,-1.0554817305630262,2017-07-31,0.16300001,-0.000569710000000001,-0.3482979612608012,0.08615425969528198,-0.0020881207151794423,-0.7071837693022249,-1.8919553203348607,0.1618432714886669
poloniex,USDT_XRP,LSTM5Features,0.24915426969528198,-0.0026578307151794434,-1.0554817305630262,2017-07-31,0.16300001,-0.000569710000000001,-0.3482979612608012,0.08615425969528198,-0.0020881207151794423,-0.7071837693022249,-1.8919553203348607,0.1618432714886669
poloniex,USDT_XRP,LSTMHighLow,0.2714478671550751,0.0008893013000488281,0.32869086855130053,2017-07-31,0.16300001,-0.000569710000000001,-0.3482979612608012,0.10844785715507507,0.0014590113000488292,0.6769888298121017,-1.5030265629584367,0.16410735873335494
poloniex,USDT_XRP,LSTMHighLowRaw,0.2714478671550751,0.0008893013000488281,0.32869086855130053,2017-07-31,0.16300001,-0.000569710000000001,-0.3482979612608012,0.10844785715507507,0.0014590113000488292,0.6769888298121017,-1.5030265629584367,0.16410735873335494
poloniex,USDT_XRP,LSTMRSIVariability,0.23435744643211365,-0.0015500932931900024,-0.6570766220507271,2017-07-31,0.16300001,-0.000569710000000001,-0.3482979612608012,0.07135743643211365,-0.0009803832931900014,-0.30877866078992594,-2.2842750265429044,0.16249494160912617
poloniex,USDT_BTC,LSTMCloseFeature,2636.724365234375,26.781494140625,1.0261333471027918,2017-07-30,2753,33.99999996999986,1.2504597267239692,-116.275634765625,-7.2185058293748625,-0.2243263796211774,23.676499427839545,2746.900565738033
poloniex,USDT_BTC,LSTM5Features,2636.724365234375,26.781494140625,1.0261333471027918,2017-07-30,2753,33.99999996999986,1.2504597267239692,-116.275634765625,-7.2185058293748625,-0.2243263796211774,23.676499427839545,2746.900565738033
poloniex,USDT_BTC,LSTMHighLow,2659.73486328125,33.24658203125,1.2658187842904545,2017-07-30,2753,33.99999996999986,1.2504597267239692,-93.26513671875,-0.7534179387498625,0.015359057566485257,29.517996722633203,2753.4176127752376
poloniex,USDT_BTC,LSTMHighLowRaw,2659.73486328125,33.24658203125,1.2658187842904545,2017-07-30,2753,33.99999996999986,1.2504597267239692,-93.26513671875,-0.7534179387498625,0.015359057566485257,29.517996722633203,2753.4176127752376
poloniex,USDT_BTC,LSTMRSIVariability,2609.8984375,16.894287109375,0.651533361673561,2017-07-30,2753,33.99999996999986,1.2504597267239692,-143.1015625,-17.105712860624863,-0.5989263650504082,19.238084839220395,2736.7151921340997
poloniex,USDT_BTC,Atr14Moment20,2852.86376953125,67.041015625,2.4065068580187243,2017-07-30,2753,33.99999996999986,1.2504597267239692,99.86376953125,33.04101565500014,1.1560471312947551,-27.5675554099579,2784.4329215002513
poloniex,USDT_BTC,Atr14Moment20LowHigh,2879.357666015625,-24.94775390625,-0.8589920927435065,2017-07-30,2753,33.99999996999986,1.2504597267239692,126.357666015625,-58.94775387624986,-2.1094518194674756,-21.787360330473124,2695.6440050280466
poloniex,USDT_BTC,Macd_12_26_9stoch_d_14_3roc_14,1715.6922607421875,-38.61279296875,-2.201030709400918,2017-07-30,2753,33.99999996999986,1.2504597267239692,-1037.3077392578125,-72.61279293874986,-3.451490436124887,2.6539857901472472,2659.1539750407287
poloniex,USDT_BTC,Moment_20ema_rel_diff_10ma_rel_diff_50,1153.723388671875,-91.930908203125,-7.3801301399396335,2017-07-30,2753,33.99999996999986,1.2504597267239692,-1599.276611328125,-125.93090817312486,-8.630589866663602,1.7214032772690655,2518.3342615228275
poloniex,USDT_BTC,Roc_14moment_20ema_rel_diff_10,1276.7227783203125,15.0709228515625,1.1945389519490777,2017-07-30,2753,33.99999996999986,1.2504597267239692,-1476.2772216796875,-18.929077118437363,-0.055920774774891546,1.864825900969789,2751.479514133854
poloniex,USDT_LTC,LSTMCloseFeature,47.1202392578125,-0.12135696411132812,-0.2568858248168357,2017-07-30,40.01000315,-0.989996859999998,-2.4146264872159398,7.110236107812497,0.8686398958886699,2.157740662399104,-5.627099092537631,40.89467682179941
poloniex,USDT_LTC,LSTM5Features,47.1202392578125,-0.12135696411132812,-0.2568858248168357,2017-07-30,40.01000315,-0.989996859999998,-2.4146264872159398,7.110236107812497,0.8686398958886699,2.157740662399104,-5.627099092537631,40.89467682179941
poloniex,USDT_LTC,LSTMHighLow,43.733097076416016,-0.6065559387207031,-1.3679762864035863,2017-07-30,40.01000315,-0.989996859999998,-2.4146264872159398,3.7230939264160128,0.38344092127929486,1.0466502008123535,-10.746439370256528,40.439129732437735
poloniex,USDT_LTC,LSTMHighLowRaw,43.733097076416016,-0.6065559387207031,-1.3679762864035863,2017-07-30,40.01000315,-0.989996859999998,-2.4146264872159398,3.7230939264160128,0.38344092127929486,1.0466502008123535,-10.746439370256528,40.439129732437735
poloniex,USDT_LTC,LSTMRSIVariability,39.41278076171875,-0.4192008972167969,-1.0524229017934315,2017-07-30,40.01000315,-0.989996859999998,-2.4146264872159398,-0.5972223882812528,0.5707959627832011,1.3622035854225083,66.99347501881978,40.568506620159454
poloniex,USDT_ETH,LSTMCloseFeature,240.22940063476562,1.3199462890625,0.5524880933144367,2017-07-30,194.73242001,-12.667579990000007,-6.107801345226618,45.49698062476563,13.987526279062507,6.660289438541055,-4.280117434957875,208.54586030553415
poloniex,USDT_ETH,LSTM5Features,240.22940063476562,1.3199462890625,0.5524880933144367,2017-07-30,194.73242001,-12.667579990000007,-6.107801345226618,45.49698062476563,13.987526279062507,6.660289438541055,-4.280117434957875,208.54586030553415
poloniex,USDT_ETH,LSTMHighLow,215.1059112548828,13.301864624023438,6.591475664685382,2017-07-30,194.73242001,-12.667579990000007,-6.107801345226618,20.373491244882814,25.969444614023445,12.699277009912,-9.55812715991476,221.0707205285575
poloniex,USDT_ETH,LSTMHighLowRaw,215.1059112548828,13.301864624023438,6.591475664685382,2017-07-30,194.73242001,-12.667579990000007,-6.107801345226618,20.373491244882814,25.969444614023445,12.699277009912,-9.55812715991476,221.0707205285575
poloniex,USDT_ETH,LSTMRSIVariability,256.3363952636719,-1.239013671875,-0.4810294884109214,2017-07-30,194.73242001,-12.667579990000007,-6.107801345226618,61.60397525367188,11.428566318125007,5.626771856815697,-3.1610365923324575,206.40234484103576
poloniex,USDT_ETC,LSTMCloseFeature,18.716161727905273,0.3151512145996094,1.7126842809623164,2017-07-30,13.648821,-0.6851789999999998,-4.7800962745918785,5.067340727905274,1.0003302145996091,6.492780555554194,-2.693487912671331,14.579496164833138
poloniex,USDT_ETC,LSTM5Features,18.716161727905273,0.3151512145996094,1.7126842809623164,2017-07-30,13.648821,-0.6851789999999998,-4.7800962745918785,5.067340727905274,1.0003302145996091,6.492780555554194,-2.693487912671331,14.579496164833138
poloniex,USDT_ETC,LSTMHighLow,16.18729019165039,0.052783966064453125,0.3271495596236397,2017-07-30,13.648821,-0.6851789999999998,-4.7800962745918785,2.5384691916503908,0.7379629660644529,5.107245834215518,-5.37679206227679,14.380893617876453
poloniex,USDT_ETC,LSTMHighLowRaw,16.18729019165039,0.052783966064453125,0.3271495596236397,2017-07-30,13.648821,-0.6851789999999998,-4.7800962745918785,2.5384691916503908,0.7379629660644529,5.107245834215518,-5.37679206227679,14.380893617876453
poloniex,USDT_ETC,LSTMRSIVariability,17.437498092651367,-0.07452201843261719,-0.42554781207365977,2017-07-30,13.648821,-0.6851789999999998,-4.7800962745918785,3.7886770926513673,0.6106569815673826,4.354548462518219,-3.602529502045362,14.273001976617362
poloniex,USDT_XRP,LSTMCloseFeature,0.2518121004104614,-0.0029999911785125732,-1.1773347017423825,2017-07-30,0.16356972,-0.00703028,-4.120914419695193,0.08824238041046142,0.004030288821487427,2.9435797179528107,-1.8536412916237273,0.1685914669988275
poloniex,USDT_XRP,LSTM5Features,0.2518121004104614,-0.0029999911785125732,-1.1773347017423825,2017-07-30,0.16356972,-0.00703028,-4.120914419695193,0.08824238041046142,0.004030288821487427,2.9435797179528107,-1.8536412916237273,0.1685914669988275
poloniex,USDT_XRP,LSTMHighLow,0.27055856585502625,0.003707706928253174,1.3894303893811377,2017-07-30,0.16356972,-0.00703028,-4.120914419695193,0.10698884585502624,0.010737986928253174,5.510344809076331,-1.5288483457578643,0.17297036824428422
poloniex,USDT_XRP,LSTMHighLowRaw,0.27055856585502625,0.003707706928253174,1.3894303893811377,2017-07-30,0.16356972,-0.00703028,-4.120914419695193,0.10698884585502624,0.010737986928253174,5.510344809076331,-1.5288483457578643,0.17297036824428422
poloniex,USDT_XRP,LSTMRSIVariability,0.23590753972530365,-0.0026452839374542236,-1.1088881266791717,2017-07-30,0.16356972,-0.00703028,-4.120914419695193,0.07233781972530365,0.004384996062545776,3.0120262930160218,-2.261192286706197,0.16870823685588535
poloniex,USDT_BTC,LSTMCloseFeature,2609.94287109375,10.716064453125,0.41227892947807027,2017-07-29,2719.00000003,-70.98119998999982,-2.544146175231969,-109.05712893625014,81.69726444312482,2.956425104710039,24.931886861054306,2801.4837046440816
poloniex,USDT_BTC,LSTM5Features,2609.94287109375,10.716064453125,0.41227892947807027,2017-07-29,2719.00000003,-70.98119998999982,-2.544146175231969,-109.05712893625014,81.69726444312482,2.956425104710039,24.931886861054306,2801.4837046440816
poloniex,USDT_BTC,LSTMHighLow,2626.48828125,47.974853515625,1.8605624853300984,2017-07-29,2719.00000003,-70.98119998999982,-2.544146175231969,-92.51171878000014,118.95605350562482,4.404708660562068,29.390871079760043,2841.8905435753345
poloniex,USDT_BTC,LSTMHighLowRaw,2626.48828125,47.974853515625,1.8605624853300984,2017-07-29,2719.00000003,-70.98119998999982,-2.544146175231969,-92.51171878000014,118.95605350562482,4.404708660562068,29.390871079760043,2841.8905435753345
poloniex,USDT_BTC,LSTMRSIVariability,2593.004150390625,12.07666015625,0.46791938951966894,2017-07-29,2719.00000003,-70.98119998999982,-2.544146175231969,-125.99584963937514,83.05786014624982,3.012065564751638,21.58007591370916,2803.036063018847
poloniex,USDT_BTC,Atr14Moment20,2785.82275390625,86.3701171875,3.199541863141743,2017-07-29,2719.00000003,-70.98119998999982,-2.544146175231969,66.82275387624986,157.35131717749982,5.743688038373712,-40.68973279768386,2879.247816488424
poloniex,USDT_BTC,Atr14Moment20LowHigh,2904.305419921875,35.16357421875,1.2255781034810656,2017-07-29,2719.00000003,-70.98119998999982,-2.544146175231969,185.30541989187486,106.14477420874982,3.7697242787130345,-14.6730732518052,2824.1745986986834
poloniex,USDT_BTC,Macd_12_26_9stoch_d_14_3roc_14,1754.3050537109375,-16.96923828125,-0.9580243081473485,2017-07-29,2719.00000003,-70.98119998999982,-2.544146175231969,-964.6949463190626,54.01196170874982,1.5861218670846204,2.818507560762861,2763.2525019310674
poloniex,USDT_BTC,Moment_20ema_rel_diff_10ma_rel_diff_50,1245.654296875,-93.7867431640625,-7.001931429645262,2017-07-29,2719.00000003,-70.98119998999982,-2.544146175231969,-1473.3457031550001,-22.805543174062677,-4.457785254413293,1.8454596190205563,2594.6286294946053
poloniex,USDT_BTC,Roc_14moment_20ema_rel_diff_10,1261.65185546875,18.549072265625,1.4921591775242653,2017-07-29,2719.00000003,-70.98119998999982,-2.544146175231969,-1457.3481445612501,89.53027225562482,4.0363053527562345,1.8657175433180955,2831.6121605473
poloniex,USDT_LTC,LSTMCloseFeature,47.24159622192383,-0.13800811767578125,-0.29128170148190713,2017-07-29,41.00000001,1.3599999799999978,3.43087784805937,6.241596211923827,-1.498008097675779,-3.722159549541277,-6.56883249378971,39.52453596344519
poloniex,USDT_LTC,LSTM5Features,47.24159622192383,-0.13800811767578125,-0.29128170148190713,2017-07-29,41.00000001,1.3599999799999978,3.43087784805937,6.241596211923827,-1.498008097675779,-3.722159549541277,-6.56883249378971,39.52453596344519
poloniex,USDT_LTC,LSTMHighLow,44.33965301513672,-0.9184036254882812,-2.029259967525637,2017-07-29,41.00000001,1.3599999799999978,3.43087784805937,3.339653005136718,-2.278403605488279,-5.460137815585007,-12.276724542022158,38.835601378264066
poloniex,USDT_LTC,LSTMHighLowRaw,44.33965301513672,-0.9184036254882812,-2.029259967525637,2017-07-29,41.00000001,1.3599999799999978,3.43087784805937,3.339653005136718,-2.278403605488279,-5.460137815585007,-12.276724542022158,38.835601378264066
poloniex,USDT_LTC,LSTMRSIVariability,39.83198165893555,-0.346405029296875,-0.8621675927030968,2017-07-29,41.00000001,1.3599999799999978,3.43087784805937,-1.168018351064454,-1.7064050092968728,-4.293045440762467,35.10218822558339,39.298236795993844
poloniex,USDT_ETH,LSTMCloseFeature,238.90945434570312,-0.010223388671875,-0.00427900655518258,2017-07-29,207.4,16.400000000000006,8.586387434554975,31.50945434570312,-16.41022338867188,-8.590666441110159,-6.58215143063189,190.99182709747961
poloniex,USDT_ETH,LSTM5Features,238.90945434570312,-0.010223388671875,-0.00427900655518258,2017-07-29,207.4,16.400000000000006,8.586387434554975,31.50945434570312,-16.41022338867188,-8.590666441110159,-6.58215143063189,190.99182709747961
poloniex,USDT_ETH,LSTMHighLow,201.80404663085938,6.312652587890625,3.2291204524855517,2017-07-29,207.4,16.400000000000006,8.586387434554975,-5.595953369140631,-10.08734741210938,-5.357266982069424,37.0624961143753,197.16762006424742
poloniex,USDT_ETH,LSTMHighLowRaw,201.80404663085938,6.312652587890625,3.2291204524855517,2017-07-29,207.4,16.400000000000006,8.586387434554975,-5.595953369140631,-10.08734741210938,-5.357266982069424,37.0624961143753,197.16762006424742
poloniex,USDT_ETH,LSTMRSIVariability,257.5754089355469,-1.10723876953125,-0.4280297806421108,2017-07-29,207.4,16.400000000000006,8.586387434554975,50.17540893554687,-17.507238769531256,-9.014417215197087,-4.1334989469924786,190.18246311897357
poloniex,USDT_ETC,LSTMCloseFeature,18.401010513305664,0.2631340026855469,1.4507431591094815,2017-07-29,14.334,0.3879999999999999,2.7821597590707006,4.067010513305664,-0.12486599731445303,-1.331416599961219,-3.5244560969549426,14.148320640969407
poloniex,USDT_ETC,LSTM5Features,18.401010513305664,0.2631340026855469,1.4507431591094815,2017-07-29,14.334,0.3879999999999999,2.7821597590707006,4.067010513305664,-0.12486599731445303,-1.331416599961219,-3.5244560969549426,14.148320640969407
poloniex,USDT_ETC,LSTMHighLow,16.134506225585938,0.15884017944335938,0.9942632688025693,2017-07-29,14.334,0.3879999999999999,2.7821597590707006,1.8005062255859379,-0.22915982055664053,-1.7878964902681314,-7.961094383517221,14.084659955467206
poloniex,USDT_ETC,LSTMHighLowRaw,16.134506225585938,0.15884017944335938,0.9942632688025693,2017-07-29,14.334,0.3879999999999999,2.7821597590707006,1.8005062255859379,-0.22915982055664053,-1.7878964902681314,-7.961094383517221,14.084659955467206
poloniex,USDT_ETC,LSTMRSIVariability,17.512020111083984,-0.06756591796875,-0.38434305481987935,2017-07-29,14.334,0.3879999999999999,2.7821597590707006,3.1780201110839847,-0.4555659179687499,-3.1665028138905797,-4.510355346716432,13.89239951757482
poloniex,USDT_XRP,LSTMCloseFeature,0.254812091588974,-0.0026150643825531006,-1.0158463557132804,2017-07-29,0.1706,0.00799293000000001,4.9154873770248795,0.084212091588974,-0.01060799438255311,-5.93133373273816,-2.02583734450715,0.16095523200527284
poloniex,USDT_XRP,LSTM5Features,0.254812091588974,-0.0026150643825531006,-1.0158463557132804,2017-07-29,0.1706,0.00799293000000001,4.9154873770248795,0.084212091588974,-0.01060799438255311,-5.93133373273816,-2.02583734450715,0.16095523200527284
poloniex,USDT_XRP,LSTMHighLow,0.26685085892677307,0.006815731525421143,2.6210810799040174,2017-07-29,0.1706,0.00799293000000001,4.9154873770248795,0.09625085892677307,-0.0011771984745788666,-2.294406297120862,-1.772451715259925,0.16686913314635626
poloniex,USDT_XRP,LSTMHighLowRaw,0.26685085892677307,0.006815731525421143,2.6210810799040174,2017-07-29,0.1706,0.00799293000000001,4.9154873770248795,0.09625085892677307,-0.0011771984745788666,-2.294406297120862,-1.772451715259925,0.16686913314635626
poloniex,USDT_XRP,LSTMRSIVariability,0.23855282366275787,-0.004357188940048218,-1.7937461257197613,2017-07-29,0.1706,0.00799293000000001,4.9154873770248795,0.06795282366275787,-0.012350118940048227,-6.709233502744641,-2.51056528344824,0.15969031198172856
poloniex,USDT_BTC,LSTMCloseFeature,2599.226806640625,21.1962890625,0.8221892222754754,2017-07-28,2789.98120002,119.98120202000018,4.493677981643212,-190.75439337937496,-98.78491295750018,-3.6714887593677368,14.626039015894365,2691.9524502183112
poloniex,USDT_BTC,LSTM5Features,2599.226806640625,21.1962890625,0.8221892222754754,2017-07-28,2789.98120002,119.98120202000018,4.493677981643212,-190.75439337937496,-98.78491295750018,-3.6714887593677368,14.626039015894365,2691.9524502183112
poloniex,USDT_BTC,LSTMHighLow,2578.513427734375,22.43798828125,0.8778296577213164,2017-07-28,2789.98120002,119.98120202000018,4.493677981643212,-211.46777228562496,-97.54321373875018,-3.6158483239218957,13.193410843954192,2693.438049843602
poloniex,USDT_BTC,LSTMHighLowRaw,2578.513427734375,22.43798828125,0.8778296577213164,2017-07-28,2789.98120002,119.98120202000018,4.493677981643212,-211.46777228562496,-97.54321373875018,-3.6158483239218957,13.193410843954192,2693.438049843602
poloniex,USDT_BTC,LSTMRSIVariability,2580.927490234375,39.6787109375,1.5613863255245122,2017-07-28,2789.98120002,119.98120202000018,4.493677981643212,-209.05370978562496,-80.30249108250018,-2.9322916561187,13.34576268883723,2711.6890128602763
poloniex,USDT_BTC,Atr14Moment20,2699.45263671875,189.103515625,7.532956832020571,2017-07-28,2789.98120002,119.98120202000018,4.493677981643212,-90.52856330124996,69.12231360499982,3.039278850377359,30.81879462436446,2871.1299452642897
poloniex,USDT_BTC,Atr14Moment20LowHigh,2869.141845703125,-34.585205078125,-1.1910625369839711,2017-07-28,2789.98120002,119.98120202000018,4.493677981643212,79.16064568312504,-154.56640709812518,-5.6847405186271835,-35.24454829724501,2638.198628286349
poloniex,USDT_BTC,Macd_12_26_9stoch_d_14_3roc_14,1771.2742919921875,-11.8167724609375,-0.6627127854830964,2017-07-28,2789.98120002,119.98120202000018,4.493677981643212,-1018.7069080278125,-131.79797448093768,-5.156390767126308,2.73874769870887,2652.3055666408554
poloniex,USDT_BTC,Moment_20ema_rel_diff_10ma_rel_diff_50,1339.4410400390625,-113.2069091796875,-7.79314143117549,2017-07-28,2789.98120002,119.98120202000018,4.493677981643212,-1450.5401599809375,-233.18811119968768,-12.286819412818701,1.9234084494817882,2461.923121943477
poloniex,USDT_BTC,Roc_14moment_20ema_rel_diff_10,1243.102783203125,-12.4610595703125,-0.9924672203674678,2017-07-28,2789.98120002,119.98120202000018,4.493677981643212,-1546.878416816875,-132.44226159031268,-5.48614520201068,1.8036202261850345,2643.5011232360375
poloniex,USDT_LTC,LSTMCloseFeature,47.37960433959961,-0.3035011291503906,-0.6364961471506835,2017-07-28,39.64000003,-2.159999969999994,-5.167464043062187,7.739604309599606,1.8564988408496035,4.530967895911504,-5.121708868350494,41.53394461049101
poloniex,USDT_LTC,LSTM5Features,47.37960433959961,-0.3035011291503906,-0.6364961471506835,2017-07-28,39.64000003,-2.159999969999994,-5.167464043062187,7.739604309599606,1.8564988408496035,4.530967895911504,-5.121708868350494,41.53394461049101
poloniex,USDT_LTC,LSTMHighLow,45.258056640625,-0.8754806518554688,-1.8977097860609262,2017-07-28,39.64000003,-2.159999969999994,-5.167464043062187,5.618056610624997,1.2845193181445254,3.269754257001261,-7.055820682730738,41.00675730942653
poloniex,USDT_LTC,LSTMHighLowRaw,45.258056640625,-0.8754806518554688,-1.8977097860609262,2017-07-28,39.64000003,-2.159999969999994,-5.167464043062187,5.618056610624997,1.2845193181445254,3.269754257001261,-7.055820682730738,41.00675730942653
poloniex,USDT_LTC,LSTMRSIVariability,40.17838668823242,-2.4734573364257812,-5.799180300377652,2017-07-28,39.64000003,-2.159999969999994,-5.167464043062187,0.5383866582324188,-0.31345736642578714,-0.6317162573154649,-73.62738177826022,39.37594263444214
poloniex,USDT_ETH,LSTMCloseFeature,238.919677734375,-1.1347808837890625,-0.4727181033509026,2017-07-28,191,-11.799999930000013,-5.818540401416661,47.919677734375,10.66521904621095,5.345822298065759,-3.9858364878565715,201.8413276167353
poloniex,USDT_ETH,LSTM5Features,238.919677734375,-1.1347808837890625,-0.4727181033509026,2017-07-28,191,-11.799999930000013,-5.818540401416661,47.919677734375,10.66521904621095,5.345822298065759,-3.9858364878565715,201.8413276167353
poloniex,USDT_ETH,LSTMHighLow,195.49139404296875,-2.1618804931640625,-1.0937741852431853,2017-07-28,191,-11.799999930000013,-5.818540401416661,4.49139404296875,9.63811943683595,4.724766216173476,-42.52577221520105,200.58182588309248
poloniex,USDT_ETH,LSTMHighLowRaw,195.49139404296875,-2.1618804931640625,-1.0937741852431853,2017-07-28,191,-11.799999930000013,-5.818540401416661,4.49139404296875,9.63811943683595,4.724766216173476,-42.52577221520105,200.58182588309248
poloniex,USDT_ETH,LSTMRSIVariability,258.6826477050781,1.95294189453125,0.7606996192222567,2017-07-28,191,-11.799999930000013,-5.818540401416661,67.68264770507812,13.752941824531263,6.579240020638918,-2.8219936198753284,204.34269875725025
poloniex,USDT_ETC,LSTMCloseFeature,18.137876510620117,0.24863243103027344,1.3898431366026394,2017-07-28,13.946,-0.4540091999999998,-3.1528396523524433,4.1918765106201175,0.7026416310302732,4.542682788955083,-3.326910982388869,14.600146739536347
poloniex,USDT_ETC,LSTM5Features,18.137876510620117,0.24863243103027344,1.3898431366026394,2017-07-28,13.946,-0.4540091999999998,-3.1528396523524433,4.1918765106201175,0.7026416310302732,4.542682788955083,-3.326910982388869,14.600146739536347
poloniex,USDT_ETC,LSTMHighLow,15.975666046142578,0.1854877471923828,1.1747033103781666,2017-07-28,13.946,-0.4540091999999998,-3.1528396523524433,2.0296660461425784,0.6394969471923826,4.32754296273061,-6.871081095584496,14.56916658476716
poloniex,USDT_ETC,LSTMHighLowRaw,15.975666046142578,0.1854877471923828,1.1747033103781666,2017-07-28,13.946,-0.4540091999999998,-3.1528396523524433,2.0296660461425784,0.6394969471923826,4.32754296273061,-6.871081095584496,14.56916658476716
poloniex,USDT_ETC,LSTMRSIVariability,17.579586029052734,-0.09903907775878906,-0.5602193448891543,2017-07-28,13.946,-0.4540091999999998,-3.1528396523524433,3.6335860290527346,0.3549701222412107,2.592620307463289,-3.8380816880330424,14.319337562795782
poloniex,USDT_XRP,LSTMCloseFeature,0.2574271559715271,-0.0025682151317596436,-0.9877926367925162,2017-07-28,0.16260707,-0.009992030000000013,-5.789155331632675,0.09482008597152711,0.007423814868240369,4.801362694840159,-1.7149011027982846,0.17089417879902985
poloniex,USDT_XRP,LSTM5Features,0.2574271559715271,-0.0025682151317596436,-0.9877926367925162,2017-07-28,0.16260707,-0.009992030000000013,-5.789155331632675,0.09482008597152711,0.007423814868240369,4.801362694840159,-1.7149011027982846,0.17089417879902985
poloniex,USDT_XRP,LSTMHighLow,0.26003512740135193,0.003604024648666382,1.4054553484263865,2017-07-28,0.16260707,-0.009992030000000013,-5.789155331632675,0.09742805740135194,0.013596054648666395,7.1946106800590615,-1.6689963275172888,0.17502490328228582
poloniex,USDT_XRP,LSTMHighLowRaw,0.26003512740135193,0.003604024648666382,1.4054553484263865,2017-07-28,0.16260707,-0.009992030000000013,-5.789155331632675,0.09742805740135194,0.013596054648666395,7.1946106800590615,-1.6689963275172888,0.17502490328228582
poloniex,USDT_XRP,LSTMRSIVariability,0.2429100126028061,-0.007729455828666687,-3.083894119724402,2017-07-28,0.16260707,-0.009992030000000013,-5.789155331632675,0.0803029426028061,0.002262574171333326,2.7052612119082733,-2.024920441636691,0.16727632650440277
poloniex,USDT_BTC,LSTMCloseFeature,2578.030517578125,12.92724609375,0.5039659119170378,2017-07-27,2669.999998,143.6493512699999,5.686041700344862,-91.96948042187478,-130.7221051762499,-5.182075788427824,29.03136981694794,2539.082592805015
poloniex,USDT_BTC,LSTM5Features,2578.030517578125,12.92724609375,0.5039659119170378,2017-07-27,2669.999998,143.6493512699999,5.686041700344862,-91.96948042187478,-130.7221051762499,-5.182075788427824,29.03136981694794,2539.082592805015
poloniex,USDT_BTC,LSTMHighLow,2556.075439453125,-5.98681640625,-0.2336717772005069,2017-07-27,2669.999998,143.6493512699999,5.686041700344862,-113.92455854687478,-149.6361676762499,-5.919713477545368,23.436562160575907,2520.447278275469
poloniex,USDT_BTC,LSTMHighLowRaw,2556.075439453125,-5.98681640625,-0.2336717772005069,2017-07-27,2669.999998,143.6493512699999,5.686041700344862,-113.92455854687478,-149.6361676762499,-5.919713477545368,23.436562160575907,2520.447278275469
poloniex,USDT_BTC,LSTMRSIVariability,2541.248779296875,57.0439453125,2.2962657721347464,2017-07-27,2669.999998,143.6493512699999,5.686041700344862,-128.75121870312478,-86.6054059574999,-3.389775928210115,20.737667766520328,2584.3623719149655
poloniex,USDT_BTC,Atr14Moment20,2510.34912109375,260.71826171875,11.58937968121506,2017-07-27,2669.999998,143.6493512699999,5.686041700344862,-159.65087690624978,117.0689104487501,5.903337980870199,16.723992061552394,2819.1390152583717
poloniex,USDT_BTC,Atr14Moment20LowHigh,2903.72705078125,116.3203125,4.173065627721219,2017-07-27,2669.999998,143.6493512699999,5.686041700344862,233.72705278125022,-27.329038769999897,-1.5129760726236423,-11.423581336555447,2631.7769172044023
poloniex,USDT_BTC,Macd_12_26_9stoch_d_14_3roc_14,1783.091064453125,-20.454833984375,-1.1341454632286334,2017-07-27,2669.999998,143.6493512699999,5.686041700344862,-886.9089335468748,-164.1041852543749,-6.820187163573495,3.010455636434161,2497.6981554848644
poloniex,USDT_BTC,Moment_20ema_rel_diff_10ma_rel_diff_50,1452.64794921875,-93.7857666015625,-6.064648335206106,2017-07-27,2669.999998,143.6493512699999,5.686041700344862,-1217.3520487812498,-237.4351178715624,-11.750690035550967,2.1932850079589272,2373.1363642916203
poloniex,USDT_BTC,Roc_14moment_20ema_rel_diff_10,1255.5638427734375,-60.71728515625,-4.612790069530904,2017-07-27,2669.999998,143.6493512699999,5.686041700344862,-1414.4361552265623,-204.3666364262499,-10.298831769875765,1.8876779896596487,2409.8153949761086
poloniex,USDT_LTC,LSTMCloseFeature,47.68310546875,-0.2509422302246094,-0.5235156267222086,2017-07-27,41.8,-0.30408669000000543,-0.7222260685498446,5.883105468750003,0.05314445977539606,0.19871044182763598,-7.105091047922576,41.88366521668919
poloniex,USDT_LTC,LSTM5Features,47.68310546875,-0.2509422302246094,-0.5235156267222086,2017-07-27,41.8,-0.30408669000000543,-0.7222260685498446,5.883105468750003,0.05314445977539606,0.19871044182763598,-7.105091047922576,41.88366521668919
poloniex,USDT_LTC,LSTMHighLow,46.13353729248047,-0.7489738464355469,-1.5975548839870957,2017-07-27,41.8,-0.30408669000000543,-0.7222260685498446,4.333537292480472,-0.44488715643554144,-0.875328815437251,-9.645699847219756,41.43145079672575
poloniex,USDT_LTC,LSTMHighLowRaw,46.13353729248047,-0.7489738464355469,-1.5975548839870957,2017-07-27,41.8,-0.30408669000000543,-0.7222260685498446,4.333537292480472,-0.44488715643554144,-0.875328815437251,-9.645699847219756,41.43145079672575
poloniex,USDT_LTC,LSTMRSIVariability,42.6518440246582,-4.722454071044922,-9.968388474072718,2017-07-27,41.8,-0.30408669000000543,-0.7222260685498446,0.851844024658206,-4.418367381044916,-9.246162405522874,-49.070016094521336,37.906987765280455
poloniex,USDT_ETH,LSTMCloseFeature,240.05445861816406,-2.15692138671875,-0.8905119927376113,2017-07-27,202.79999993,-0.2084085699999889,-0.10266006789565513,37.25445868816405,-1.948512816718761,-0.7878519248419562,-5.44364371597837,201.20059427604176
poloniex,USDT_ETH,LSTM5Features,240.05445861816406,-2.15692138671875,-0.8905119927376113,2017-07-27,202.79999993,-0.2084085699999889,-0.10266006789565513,37.25445868816405,-1.948512816718761,-0.7878519248419562,-5.44364371597837,201.20059427604176
poloniex,USDT_ETH,LSTMHighLow,197.6532745361328,-8.466110229492188,-4.10738186469888,2017-07-27,202.79999993,-0.2084085699999889,-0.10266006789565513,-5.1467253938672,-8.257701659492199,-4.004721796803224,39.403695439367134,194.6700779454572
poloniex,USDT_ETH,LSTMHighLowRaw,197.6532745361328,-8.466110229492188,-4.10738186469888,2017-07-27,202.79999993,-0.2084085699999889,-0.10266006789565513,-5.1467253938672,-8.257701659492199,-4.004721796803224,39.403695439367134,194.6700779454572
poloniex,USDT_ETH,LSTMRSIVariability,256.7297058105469,8.624908447265625,3.4763166770358005,2017-07-27,202.79999993,-0.2084085699999889,-0.10266006789565513,53.92970588054686,8.833317017265614,3.5789767449314556,-3.7604506944502467,210.06562366047046
poloniex,USDT_ETC,LSTMCloseFeature,17.889244079589844,0.33591651916503906,1.9136913955983264,2017-07-27,14.4000092,-0.23999080000000106,-1.6392814207650344,3.4892348795898442,0.5759073191650401,3.5529728163633605,-4.126981902030254,14.920164420315595
poloniex,USDT_ETC,LSTM5Features,17.889244079589844,0.33591651916503906,1.9136913955983264,2017-07-27,14.4000092,-0.23999080000000106,-1.6392814207650344,3.4892348795898442,0.5759073191650401,3.5529728163633605,-4.126981902030254,14.920164420315595
poloniex,USDT_ETC,LSTMHighLow,15.790178298950195,0.12153244018554688,0.7756409920871666,2017-07-27,14.4000092,-0.23999080000000106,-1.6392814207650344,1.3901690989501958,0.36152324018554793,2.414922412852201,-10.358458701804228,14.753553841241562
poloniex,USDT_ETC,LSTMHighLowRaw,15.790178298950195,0.12153244018554688,0.7756409920871666,2017-07-27,14.4000092,-0.23999080000000106,-1.6392814207650344,1.3901690989501958,0.36152324018554793,2.414922412852201,-10.358458701804228,14.753553841241562
poloniex,USDT_ETC,LSTMRSIVariability,17.678625106811523,-0.12954330444335938,-0.7274375525418275,2017-07-27,14.4000092,-0.23999080000000106,-1.6392814207650344,3.278615906811524,0.11044749555664168,0.9118438682232068,-4.392100084088259,14.533503142307877
poloniex,USDT_XRP,LSTMCloseFeature,0.25999537110328674,-0.001650482416152954,-0.6308077861552378,2017-07-27,0.1725991,0.00000912000000000135,0.005284200160404068,0.08739627110328674,-0.0016596024161529555,-0.6360919863156419,-1.9749023364626024,0.17150126896803625
poloniex,USDT_XRP,LSTM5Features,0.25999537110328674,-0.001650482416152954,-0.6308077861552378,2017-07-27,0.1725991,0.00000912000000000135,0.005284200160404068,0.08739627110328674,-0.0016596024161529555,-0.6360919863156419,-1.9749023364626024,0.17150126896803625
poloniex,USDT_XRP,LSTMHighLow,0.25643110275268555,-0.0016316771507263184,-0.6322791498010775,2017-07-27,0.1725991,0.00000912000000000135,0.005284200160404068,0.08383200275268554,-0.0016407971507263197,-0.6375633499614816,-2.0588688607283787,0.17149872954181417
poloniex,USDT_XRP,LSTMHighLowRaw,0.25643110275268555,-0.0016316771507263184,-0.6322791498010775,2017-07-27,0.1725991,0.00000912000000000135,0.005284200160404068,0.08383200275268554,-0.0016407971507263197,-0.6375633499614816,-2.0588688607283787,0.17149872954181417
poloniex,USDT_XRP,LSTMRSIVariability,0.2506394684314728,-0.004924356937408447,-1.9268599264002337,2017-07-27,0.1725991,0.00000912000000000135,0.005284200160404068,0.07804036843147277,-0.004933476937408449,-1.9321441265606378,-2.2116643407643473,0.16926441283839783
poloniex,USDT_BTC,LSTMCloseFeature,2565.103271484375,-1.108642578125,-0.04320152096753141,2017-07-26,2526.35064673,-39.64935275000016,-1.5451813233840648,38.75262475437512,38.54071017187516,1.5019798024165334,-65.19172992133335,2564.891448452198
poloniex,USDT_BTC,LSTM5Features,2565.103271484375,-1.108642578125,-0.04320152096753141,2017-07-26,2526.35064673,-39.64935275000016,-1.5451813233840648,38.75262475437512,38.54071017187516,1.5019798024165334,-65.19172992133335,2564.891448452198
poloniex,USDT_BTC,LSTMHighLow,2562.062255859375,-13.74560546875,-0.5336425000917017,2017-07-26,2526.35064673,-39.64935275000016,-1.5451813233840648,35.71160912937512,25.903747281250162,1.011538823292363,-70.74311990752363,2552.3067329304217
poloniex,USDT_BTC,LSTMHighLowRaw,2562.062255859375,-13.74560546875,-0.5336425000917017,2017-07-26,2526.35064673,-39.64935275000016,-1.5451813233840648,35.71160912937512,25.903747281250162,1.011538823292363,-70.74311990752363,2552.3067329304217
poloniex,USDT_BTC,LSTMRSIVariability,2484.204833984375,1.493896484375,0.060171986267531404,2017-07-26,2526.35064673,-39.64935275000016,-1.5451813233840648,-42.14581274562488,41.14324923437516,1.6053533096515962,59.94309949550701,2567.5440126473122
poloniex,USDT_BTC,Atr14Moment20,2249.630859375,234.5999755859375,11.64250024519703,2017-07-26,2526.35064673,-39.64935275000016,-1.5451813233840648,-276.7197873549999,274.24932833593766,13.187681568581095,9.129634967119213,2864.746555711215
poloniex,USDT_BTC,Atr14Moment20LowHigh,2787.40673828125,-101.972412109375,-3.5292153366438255,2017-07-26,2526.35064673,-39.64935275000016,-1.5451813233840648,261.0560915512501,-62.32305935937484,-1.9840340132597607,-9.677424616747665,2475.4403339600713
poloniex,USDT_BTC,Macd_12_26_9stoch_d_14_3roc_14,1803.5458984375,-50.328369140625,-2.714767124222144,2017-07-26,2526.35064673,-39.64935275000016,-1.5451813233840648,-722.8047482924999,-10.679016390624838,-1.169585800838079,3.495204829102275,2496.3390750865765
poloniex,USDT_BTC,Moment_20ema_rel_diff_10ma_rel_diff_50,1546.4337158203125,67.129150390625,4.537885703822341,2017-07-26,2526.35064673,-39.64935275000016,-1.5451813233840648,-979.9169309096874,106.77850314062516,6.083067027206406,2.5781273565553255,2682.4421466164845
poloniex,USDT_BTC,Roc_14moment_20ema_rel_diff_10,1316.2811279296875,-57.3773193359375,-4.176971317007627,2017-07-26,2526.35064673,-39.64935275000016,-1.5451813233840648,-1210.0695188003124,-17.727966585937338,-2.6317899936235625,2.0877731464839107,2458.8189155073046
poloniex,USDT_LTC,LSTMCloseFeature,47.93404769897461,-0.09747314453125,-0.2029357863741867,2017-07-26,42.10408669,-0.005913639999995723,-0.014043315016985951,5.829961008974607,-0.09155950453125428,-0.18889247135720075,-7.2220185735693985,42.02454406968814
poloniex,USDT_LTC,LSTM5Features,47.93404769897461,-0.09747314453125,-0.2029357863741867,2017-07-26,42.10408669,-0.005913639999995723,-0.014043315016985951,5.829961008974607,-0.09155950453125428,-0.18889247135720075,-7.2220185735693985,42.02454406968814
poloniex,USDT_LTC,LSTMHighLow,46.882511138916016,-0.6581611633300781,-1.3844170295820213,2017-07-26,42.10408669,-0.005913639999995723,-0.014043315016985951,4.778424448916013,-0.6522475233300824,-1.3703737145650354,-8.811290654506703,41.52702231427443
poloniex,USDT_LTC,LSTMHighLowRaw,46.882511138916016,-0.6581611633300781,-1.3844170295820213,2017-07-26,42.10408669,-0.005913639999995723,-0.014043315016985951,4.778424448916013,-0.6522475233300824,-1.3703737145650354,-8.811290654506703,41.52702231427443
poloniex,USDT_LTC,LSTMRSIVariability,47.374298095703125,-3.8052597045898438,-7.43511641784459,2017-07-26,42.10408669,-0.005913639999995723,-0.014043315016985951,5.270211405703122,-3.799346064589848,-7.421073102827604,-7.989069782748631,38.97907278190976
poloniex,USDT_ETH,LSTMCloseFeature,242.2113800048828,-4.50018310546875,-1.8240665531578122,2017-07-26,203.0084085,0.008408500000001595,0.004142118226601771,39.20297150488281,-4.508591605468752,-1.828208671384414,-5.1783933897642145,199.29714489708965
poloniex,USDT_ETH,LSTM5Features,242.2113800048828,-4.50018310546875,-1.8240665531578122,2017-07-26,203.0084085,0.008408500000001595,0.004142118226601771,39.20297150488281,-4.508591605468752,-1.828208671384414,-5.1783933897642145,199.29714489708965
poloniex,USDT_ETH,LSTMHighLow,206.119384765625,-8.011550903320312,-3.7414261878099104,2017-07-26,203.0084085,0.008408500000001595,0.004142118226601771,3.1109762656249984,-8.019959403320314,-3.745568306036512,-65.25553111515475,195.4049048387459
poloniex,USDT_ETH,LSTMHighLowRaw,206.119384765625,-8.011550903320312,-3.7414261878099104,2017-07-26,203.0084085,0.008408500000001595,0.004142118226601771,3.1109762656249984,-8.019959403320314,-3.745568306036512,-65.25553111515475,195.4049048387459
poloniex,USDT_ETH,LSTMRSIVariability,248.10479736328125,3.7594451904296875,1.538578555719869,2017-07-26,203.0084085,0.008408500000001595,0.004142118226601771,45.09638886328125,3.751036690429686,1.5344364374932673,-4.50165553422605,206.12331446811135
poloniex,USDT_ETC,LSTMCloseFeature,17.553327560424805,0.42496490478515625,2.481059709727907,2017-07-26,14.64,0.02000000000000135,0.13679890560876437,2.913327560424804,0.4049649047851549,2.3442608041191426,-5.025181582350212,14.98273092956222
poloniex,USDT_ETC,LSTM5Features,17.553327560424805,0.42496490478515625,2.481059709727907,2017-07-26,14.64,0.02000000000000135,0.13679890560876437,2.913327560424804,0.4049649047851549,2.3442608041191426,-5.025181582350212,14.98273092956222
poloniex,USDT_ETC,LSTMHighLow,15.668645858764648,0.0631561279296875,0.4047045560184952,2017-07-26,14.64,0.02000000000000135,0.13679890560876437,1.0286458587646479,0.04315612792968615,0.2679056504097308,-14.232303445601683,14.679167806089904
poloniex,USDT_ETC,LSTMHighLowRaw,15.668645858764648,0.0631561279296875,0.4047045560184952,2017-07-26,14.64,0.02000000000000135,0.13679890560876437,1.0286458587646479,0.04315612792968615,0.2679056504097308,-14.232303445601683,14.679167806089904
poloniex,USDT_ETC,LSTMRSIVariability,17.808168411254883,-0.028573989868164062,-0.1601973568131195,2017-07-26,14.64,0.02000000000000135,0.13679890560876437,3.1681684112548822,-0.04857398986816541,-0.29699626242188387,-4.620966470087754,14.596579146433921
poloniex,USDT_XRP,LSTMCloseFeature,0.2616458535194397,0.00021055340766906738,0.08053748196171294,2017-07-26,0.17258998,-0.0019500199999999968,-1.1172338718918282,0.0890558735194397,0.002160573407669064,1.197771353853541,-1.9379965989814916,0.17468057012101598
poloniex,USDT_XRP,LSTM5Features,0.2616458535194397,0.00021055340766906738,0.08053748196171294,2017-07-26,0.17258998,-0.0019500199999999968,-1.1172338718918282,0.0890558735194397,0.002160573407669064,1.197771353853541,-1.9379965989814916,0.17468057012101598
poloniex,USDT_XRP,LSTMHighLow,0.25806277990341187,-0.0007689595222473145,-0.2970885734313788,2017-07-26,0.17258998,-0.0019500199999999968,-1.1172338718918282,0.08547279990341186,0.0011810604777526823,0.8201452984604494,-2.0192386372627844,0.17402146160393286
poloniex,USDT_XRP,LSTMHighLowRaw,0.25806277990341187,-0.0007689595222473145,-0.2970885734313788,2017-07-26,0.17258998,-0.0019500199999999968,-1.1172338718918282,0.08547279990341186,0.0011810604777526823,0.8201452984604494,-2.0192386372627844,0.17402146160393286
poloniex,USDT_XRP,LSTMRSIVariability,0.2555638253688812,0.001488327980041504,0.5857817835002608,2017-07-26,0.17258998,-0.0019500199999999968,-1.1172338718918282,0.08297384536888122,0.0034383479800415007,1.703015655392089,-2.0800528073962052,0.17556242352492135
