#,id,date_time,open,close,low,high,volume,pair_id
1,10362847,2015-08-01 07:00:00.000000,284.00000001,279.84502254,275.7245078,284.00000001,301.37639242,83
2,10362848,2015-08-02 07:00:00.000000,280,286.438075,280,286.438075,106.5638591,83
3,10362849,2015-08-03 07:00:00.000000,285.4383,288.96564431,284.28627499,288.96564431,75.70679403,83
4,10362850,2015-08-04 07:00:00.000000,281.10448572,288,281.10448572,288,11.94721831,83
5,10362851,2015-08-05 07:00:00.000000,288.19999998,287.5698,279.79331405,288.965425,9.29752713,83
6,10362852,2015-08-06 07:00:00.000000,279.79331405,283.738175,275.637475,283.738175,167.08972647,83
7,10362853,2015-08-07 07:00:00.000000,277.22849063,275.9225,275.9225,277.22849063,62.18237138,83
8,10362854,2015-08-08 07:00:00.000000,280.99991008,263,262.64762661,282.235975,1032.69471792,83
9,10362855,2015-08-09 07:00:00.000000,263,268.86343705,262.101,269.75811042,410.00762714,83
10,10362856,2015-08-10 07:00:00.000000,266.21932357,266.21932357,262.1,266.21932357,9.52216239,83
11,10362857,2015-08-11 07:00:00.000000,266.21932357,269.25604587,261.60615343,269.25604587,247.49436684,83
12,10362858,2015-08-12 07:00:00.000000,269.25604587,265.413175,263.32859493,275.6263664,682.18727975,83
13,10362859,2015-08-13 07:00:00.000000,263.39255361,263,260,269.87728091,838.98645622,83
14,10362860,2015-08-14 07:00:00.000000,260.143425,265,255,265,556.22575402,83
15,10362861,2015-08-15 07:00:00.000000,265,258.27685,258.27685,267,147.73850257,83
16,10362862,2015-08-16 07:00:00.000000,257.89777067,256.76429583,256.76429583,264.818575,247.33524901,83
17,10362863,2015-08-17 07:00:00.000000,257.00000516,262.37255219,257.00000516,263.884775,115.70648577,83
18,10362864,2015-08-18 07:00:00.000000,262.38059156,178.7193125,174.57013394,262.38059156,2979.91680061,83
19,10362865,2015-08-19 07:00:00.000000,191.29999999,226.99999929,191.29999999,241.876825,5214.46440764,83
20,10362866,2015-08-20 07:00:00.000000,226.99999785,234,226.99999785,241.75778125,1900.49598303,83
21,10362867,2015-08-21 07:00:00.000000,229.65637733,233.13000186,228,242.0500026,2623.03047514,83
22,10362868,2015-08-22 07:00:00.000000,233.13000271,230.25950309,225,285,1097.99004162,83
23,10362869,2015-08-23 07:00:00.000000,230.25950309,228.4526468,226.43859881,236.14959975,369.92537078,83
24,10362870,2015-08-24 07:00:00.000000,228.4526468,211,201.45752417,236.99999909,6440.35548189,83
25,10362871,2015-08-25 07:00:00.000000,214.965,219.99000003,197.57400001,219.99000003,5064.27486289,83
26,10362872,2015-08-26 07:00:00.000000,219.99000003,227.97999999,216.15825722,227.99000003,1337.59870511,83
27,10362873,2015-08-27 07:00:00.000000,222.00000001,219.99999999,208.3,229.19941841,1607.02008258,83
28,10362874,2015-08-28 07:00:00.000000,215.4287159,230.14,212.183456,233.99000003,306.69311794,83
29,10362875,2015-08-29 07:00:00.000000,232,235,220,235,925.51764615,83
30,10362876,2015-08-30 07:00:00.000000,226.90000001,215.025,211.01100212,226.90000001,973.41945106,83
31,10362877,2015-08-31 07:00:00.000000,215.00000001,225.04000001,211,226.9,624.09319036,83
32,10362878,2015-09-01 07:00:00.000000,226.11789796,223.94469998,223.32478814,229.5,995.59920308,83
33,10362879,2015-09-02 07:00:00.000000,226,226.00000001,222.28830581,232.99999999,391.79088737,83
34,10362880,2015-09-03 07:00:00.000000,226.00000001,231.00000001,224.35971855,232.67213551,163.11990688,83
35,10362881,2015-09-04 07:00:00.000000,225.00000001,231.00000001,225.00000001,231.00000001,272.20435639,83
36,10362882,2015-09-05 07:00:00.000000,231.00000001,233.00000001,226.54264212,238.99000003,1058.47759632,83
37,10362883,2015-09-06 07:00:00.000000,233.00000001,237.7529,233.00000001,243.22733484,746.77449908,83
38,10362884,2015-09-07 07:00:00.000000,241.4,244.9,236.5,245,1928.74056669,83
39,10362885,2015-09-08 07:00:00.000000,243.5,239.90000002,239.90000002,243.5,27.7990218,83
40,10362886,2015-09-09 07:00:00.000000,242.99999999,240.59999943,236.5,243,772.01918011,83
41,10362887,2015-09-10 07:00:00.000000,240.59999866,243.83099999,236.50000001,243.83099999,172.41081462,83
42,10362888,2015-09-11 07:00:00.000000,236.60000033,238.70000001,236.37099997,255.00000001,1385.38482169,83
43,10362889,2015-09-12 07:00:00.000000,238.70000001,240,236.61000002,244.90709278,696.20053029,83
44,10362890,2015-09-13 07:00:00.000000,237.60200001,226.5,226.5,237.60200001,487.20956036,83
45,10362891,2015-09-14 07:00:00.000000,233.97779999,228.50000008,226.50000021,233.97779999,201.70637489,83
46,10362892,2015-09-15 07:00:00.000000,228.50000286,232.99999594,228.50000285,232.9999994,120.33838143,83
47,10362893,2015-09-16 07:00:00.000000,232.99999594,230.00003006,230.00003003,233.47357311,41.9559744,83
48,10362894,2015-09-17 07:00:00.000000,231.47357312,232.50000003,231.47357312,235.68915619,99.69752976,83
49,10362895,2015-09-18 07:00:00.000000,232.70000005,238.26400001,232.50000051,238.26400001,61.31583346,83
50,10362896,2015-09-19 07:00:00.000000,233.50000101,234.47,231.47357311,235.8,177.84208562,83
51,10362897,2015-09-20 07:00:00.000000,234.47,234.47,231.47357312,234.47,67.14402084,83
52,10362898,2015-09-21 07:00:00.000000,233.00000001,227.49998999,227.16978664,233.00000001,374.66359751,83
53,10362899,2015-09-22 07:00:00.000000,227.49998999,226.516353,225.91,232.49999989,637.70344267,83
54,10362900,2015-09-23 07:00:00.000000,227.5413,228,227.5413,232.4999999,77.82579095,83
55,10362901,2015-09-24 07:00:00.000000,230.30000001,235,228,235,619.6479114,83
56,10362902,2015-09-25 07:00:00.000000,235.52,238,232.01000001,238.26400001,210.62325746,83
57,10362903,2015-09-26 07:00:00.000000,238,233.000001,232.5,238.00000001,115.85075894,83
58,10362904,2015-09-27 07:00:00.000000,233.000007,233.00050075,233.000007,237.09999999,28.9457349,83
59,10362905,2015-09-28 07:00:00.000000,237.09998269,243.19999998,232,243.493875,8239.10441721,83
60,10362906,2015-09-29 07:00:00.000000,243.19999999,242,234.68665,245.4999,6796.32023097,83
61,10362907,2015-09-30 07:00:00.000000,242.14,238.00000001,233.000001,245.4,680.52383966,83
62,10362908,2015-10-01 07:00:00.000000,236.00000001,242.69999999,236,242.69999999,244.76810362,83
63,10362909,2015-10-02 07:00:00.000000,242.3,240,236.20001,243.5403,458.57828883,83
64,10362910,2015-10-03 07:00:00.000000,241.67548782,242.979,237.99,242.999,30.56132704,83
65,10362911,2015-10-04 07:00:00.000000,238.16725533,242.969,237.99,242.979,53.28731742,83
66,10362912,2015-10-05 07:00:00.000000,238.8,236.98,236.97900001,242.969,131.76992734,83
67,10362913,2015-10-06 07:00:00.000000,238.0878687,242.25,236.98000001,249.76639999,520.03352388,83
68,10362914,2015-10-07 07:00:00.000000,242.25,243.00000001,241,252.38676,586.72694405,83
69,10362915,2015-10-08 07:00:00.000000,248.49999932,242.30000243,242.06,248.49999932,262.51352771,83
70,10362916,2015-10-09 07:00:00.000000,246.89,244.00000001,242,246.89,443.07583373,83
71,10362917,2015-10-10 07:00:00.000000,246.4,243.1,242.40020005,246.5,101.51466383,83
72,10362918,2015-10-11 07:00:00.000000,243.1,248.28210592,243.1,248.28210623,950.06038715,83
73,10362919,2015-10-12 07:00:00.000000,243.5092607,244.6001001,243.5092607,248.37944518,195.01732935,83
74,10362920,2015-10-13 07:00:00.000000,244.6001001,248.47210201,244.6001001,250.39999882,280.83323319,83
75,10362921,2015-10-14 07:00:00.000000,250.38777646,252.29997287,247.15829748,257.26208372,736.39530531,83
76,10362922,2015-10-15 07:00:00.000000,253.99999995,259.2432,251.02606982,262.66813468,1223.80879756,83
77,10362923,2015-10-16 07:00:00.000000,259.50329999,266.08098303,254.00954551,266.08098303,796.79748632,83
78,10362924,2015-10-17 07:00:00.000000,266,267.04218175,261,277.6389,699.356047,83
79,10362925,2015-10-18 07:00:00.000000,272.99999996,269.99999999,261,272.99999996,1209.76779022,83
80,10362926,2015-10-19 07:00:00.000000,261.50000001,263.00000023,261.50000001,269.99999999,205.73973397,83
81,10362927,2015-10-20 07:00:00.000000,267.44400081,275.49999,262.00000001,275.5,1011.0685634,83
82,10362928,2015-10-21 07:00:00.000000,275.49999,266.30000001,261.9246,275.49999,2331.3783515,83
83,10362929,2015-10-22 07:00:00.000000,266.30000001,276.14699996,261,276.14700001,2238.98496921,83
84,10362930,2015-10-23 07:00:00.000000,270.31000003,277.86212966,270.31000003,284.29949888,917.39832526,83
85,10362931,2015-10-24 07:00:00.000000,278.49899517,280.00001,278.49899517,283.92550526,435.87485692,83
86,10362932,2015-10-25 07:00:00.000000,283.05999998,287.85000016,281.60227631,298.73999999,4739.14131151,83
87,10362933,2015-10-26 07:00:00.000000,287.85000018,281.49999999,279,291.01634988,3372.45297058,83
88,10362934,2015-10-27 07:00:00.000000,281.59999999,297.49999395,281,298.5,5466.31294789,83
89,10362935,2015-10-28 07:00:00.000000,297.69996256,295.19768986,281.01633477,307.75,6478.98043305,83
90,10362936,2015-10-29 07:00:00.000000,295.5,312.59999894,293.31363296,314.6753,7229.67027246,83
91,10362937,2015-10-30 07:00:00.000000,312.59999894,326.87000009,307.1,326.87000009,15426.06825397,83
92,10362938,2015-10-31 07:00:00.000000,326.8700001,310.00000001,306.45969915,332,9455.35534492,83
93,10362939,2015-11-01 07:00:00.000000,312.08011732,326.74446166,312.08011732,328.96200408,1128.35413233,83
94,10362940,2015-11-02 07:00:00.000000,326.744471,369.02958148,320.366901,370.02602501,10188.31647562,83
95,10362941,2015-11-03 07:00:00.000000,366.1,400,355.87499999,424,28008.4737616,83
96,10362942,2015-11-04 07:00:00.000000,399.99,393,359.48965566,477,50090.55955153,83
97,10362943,2015-11-05 07:00:00.000000,393,383.09999996,366.71097058,416.05800073,22723.78031612,83
98,10362944,2015-11-06 07:00:00.000000,382.50000001,379,350,398.88888888,15753.9061563,83
99,10362945,2015-11-07 07:00:00.000000,367.30009891,390.99999994,367.30009891,397.3333333,14135.54767876,83
100,10362946,2015-11-08 07:00:00.000000,384.500001,371.00000001,369,389.35,3371.05062955,83
101,10362947,2015-11-09 07:00:00.000000,371.00006667,384.55,362.99999999,387.9099995,11796.61678413,83
102,10362948,2015-11-10 07:00:00.000000,382.51554957,335.20014911,327.70000002,385.63229092,13633.17558794,83
103,10362949,2015-11-11 07:00:00.000000,335.20014905,313.13,303.33311004,341,24073.00331861,83
104,10362950,2015-11-12 07:00:00.000000,313.13,339,308.99607256,343.29180826,8966.00556231,83
105,10362951,2015-11-13 07:00:00.000000,339,339.01194,325.00000001,343.10639329,6071.59637035,83
106,10362952,2015-11-14 07:00:00.000000,336.99999899,340.19,332.2,340.19,3876.89106148,83
107,10362953,2015-11-15 07:00:00.000000,340.18999999,318,318,341.1,27998.28341889,83
108,10362954,2015-11-16 07:00:00.000000,318,332,318,336.00400001,3587.00092425,83
109,10362955,2015-11-17 07:00:00.000000,334.99999222,334.01010403,331,340,5314.08033778,83
110,10362956,2015-11-18 07:00:00.000000,338.49998933,336.31001221,334,341.77699995,3288.34249066,83
111,10362957,2015-11-19 07:00:00.000000,336.31001223,328.999999,320.10000001,337.89998789,5716.69682478,83
112,10362958,2015-11-20 07:00:00.000000,332.949999,327.50000001,317.99999999,332.95,5201.18951038,83
113,10362959,2015-11-21 07:00:00.000000,323.49999999,328.79999999,323,335.34000003,4224.14769499,83
114,10362960,2015-11-22 07:00:00.000000,325.5000414,331.9,323.1,334.68999999,3956.72574788,83
115,10362961,2015-11-23 07:00:00.000000,328.75,325.47,324.00004591,334.69,415.49691086,83
116,10362962,2015-11-24 07:00:00.000000,329.99,321,321,329.99,5114.09038296,83
117,10362963,2015-11-25 07:00:00.000000,327.9998999,326.99,318.10010001,329,4363.41308284,83
118,10362964,2015-11-26 07:00:00.000000,328.989999,355.10127219,326.99047556,366.95586085,12795.53470417,83
119,10362965,2015-11-27 07:00:00.000000,355.10130018,361.99995456,349.00000605,378.888888,5368.60568671,83
120,10362966,2015-11-28 07:00:00.000000,361.99995456,356,354.00000001,364,8422.3282943,83
121,10362967,2015-11-29 07:00:00.000000,357.100001,375.00000004,356.50014836,378.888888,2090.20380147,83
122,10362968,2015-11-30 07:00:00.000000,375,379.49999999,371.99999999,385.00000001,4270.35881246,83
123,10362969,2015-12-01 07:00:00.000000,379.39999999,364,355,379.39999999,6039.86433605,83
124,10362970,2015-12-02 07:00:00.000000,356.450002,365.65493181,353.525125,366.36659,3623.81496124,83
125,10362971,2015-12-03 07:00:00.000000,365.46090835,366.99999998,356.00000801,375,2682.53387575,83
126,10362972,2015-12-04 07:00:00.000000,364.99999941,365.51,355.12278158,366,4006.18956686,83
127,10362973,2015-12-05 07:00:00.000000,365.49,380.45053057,360.12706417,392.265,14923.9584081,83
128,10362974,2015-12-06 07:00:00.000000,389.99999944,390.30007076,380.99663008,400.00000001,9688.91212093,83
129,10362975,2015-12-07 07:00:00.000000,397.99999989,394.20032806,388.00009037,403.00000001,6553.67471525,83
130,10362976,2015-12-08 07:00:00.000000,398.5,418.5542986,392.20000001,418.5542986,8458.64850158,83
131,10362977,2015-12-09 07:00:00.000000,413.00000018,421.9999999,404.48417735,428.99999997,14490.17812562,83
132,10362978,2015-12-10 07:00:00.000000,420.51425536,425.17679999,410.000021,425.17679999,5793.98207009,83
133,10362979,2015-12-11 07:00:00.000000,420.00000027,452.70000009,418.63267478,456.65800001,22657.15254636,83
134,10362980,2015-12-12 07:00:00.000000,445.79596711,430.15422975,405.66284539,468,24374.04001909,83
135,10362981,2015-12-13 07:00:00.000000,427.86722266,433.00000202,423.25,444.99999993,8316.76869106,83
136,10362982,2015-12-14 07:00:00.000000,433.04088808,443.09999999,431.00007782,449.49498,4180.87865293,83
137,10362983,2015-12-15 07:00:00.000000,443.00000009,465.15045061,442.99999993,465.15045069,15161.60372743,83
138,10362984,2015-12-16 07:00:00.000000,465.15045049,453.000001,445,468.49999999,10825.19994283,83
139,10362985,2015-12-17 07:00:00.000000,455.99999999,453.500001,451,457.9999,1346.45368139,83
140,10362986,2015-12-18 07:00:00.000000,453.500001,460,453.000001,465,5049.65580533,83
141,10362987,2015-12-19 07:00:00.000000,458.000001,460,452.130001,466.929,11513.43735268,83
142,10362988,2015-12-20 07:00:00.000000,456.81643452,438.10101011,431.01,460,11042.25379025,83
143,10362989,2015-12-21 07:00:00.000000,443.09925,439.7999,426,443.0999999,11583.495905,83
144,10362990,2015-12-22 07:00:00.000000,432.2589971,434.84381765,432.2589971,439.83131689,6790.83811122,83
145,10362991,2015-12-23 07:00:00.000000,434.00000001,445.67999996,434,446,2590.72813707,83
146,10362992,2015-12-24 07:00:00.000000,445.67999,453.06292574,441.52188074,464.88566999,5436.33844866,83
147,10362993,2015-12-25 07:00:00.000000,453.0630166,455,450,459.39999999,1783.49667733,83
148,10362994,2015-12-26 07:00:00.000000,455.99999989,418.53822857,409.000166,460.999999,11361.05410045,83
149,10362995,2015-12-27 07:00:00.000000,420.95017872,421.24000002,412.32,429.68242294,5994.61615054,83
150,10362996,2015-12-28 07:00:00.000000,423.08,423.59556697,417.00000001,431.69037499,3195.21888091,83
151,10362997,2015-12-29 07:00:00.000000,421.1,427.00000001,421.1,437.0783412,3568.15835775,83
152,10362998,2015-12-30 07:00:00.000000,433.2,425.12,420,434.07,3505.68330624,83
153,10362999,2015-12-31 07:00:00.000000,424.27,430.57315002,417,430.57315002,2539.67580514,83
154,10363000,2016-01-01 07:00:00.000000,428.26000202,434.98999999,428.26000202,435,2975.02694268,83
155,10363001,2016-01-02 07:00:00.000000,434.98999999,436.9499,430.5,438.13999999,944.85328936,83
156,10363002,2016-01-03 07:00:00.000000,432.31,428.14,426.45308869,435.61499822,683.91847,83
157,10363003,2016-01-04 07:00:00.000000,427.29114142,432.00001111,427.29114042,435.999999,724.97600445,83
158,10363004,2016-01-05 07:00:00.000000,430.14021095,430.37677352,429.5695,435.999999,427.64728309,83
159,10363005,2016-01-06 07:00:00.000000,430.17047263,427.50002018,427.290001,434.99999973,819.34482713,83
160,10363006,2016-01-07 07:00:00.000000,427.50057343,458.89700208,427.50057343,458.89700208,10706.24231174,83
161,10363007,2016-01-08 07:00:00.000000,451.10001118,453.05,446.99999999,468,5912.94840652,83
162,10363008,2016-01-09 07:00:00.000000,453.05,447.420001,447.00037915,457.3980537,1879.48546964,83
163,10363009,2016-01-10 07:00:00.000000,447.420001,450.72851988,440.02000706,453.02999998,9116.86086338,83
164,10363010,2016-01-11 07:00:00.000000,448.77,447,444.89,455.66999999,7224.81225238,83
165,10363011,2016-01-12 07:00:00.000000,448.08324386,434.4962313,434.07784163,448.62,7525.82848928,83
166,10363012,2016-01-13 07:00:00.000000,433.4962313,433.68500408,424.001,439.69999998,9072.75886437,83
167,10363013,2016-01-14 07:00:00.000000,428.53476603,429.49640246,424,434.99999999,2267.46968672,83
168,10363014,2016-01-15 07:00:00.000000,428.88954001,362,358.000006,429.49640246,27192.75979869,83
169,10363015,2016-01-16 07:00:00.000000,357,386.4618669,333.6,387.99999999,19523.98472643,83
170,10363016,2016-01-17 07:00:00.000000,386.46186691,370,369.71695546,394.1,13842.4998052,83
171,10363017,2016-01-18 07:00:00.000000,371.44223035,388,367.11112952,399.94999999,22196.01999022,83
172,10363018,2016-01-19 07:00:00.000000,393.89998999,378.50200171,376.73464414,395,8779.08855613,83
173,10363019,2016-01-20 07:00:00.000000,379.502007,422.88270948,377.4225,422.88270948,15387.14149928,83
174,10363020,2016-01-21 07:00:00.000000,418.00000397,406.0000001,401.43089234,420.42999999,6751.03616056,83
175,10363021,2016-01-22 07:00:00.000000,405.0000003,380.97271858,375,413.26513434,6756.02213209,83
176,10363022,2016-01-23 07:00:00.000000,378.02890176,389.94000001,378.02890176,404.36071952,13328.05830136,83
177,10363023,2016-01-24 07:00:00.000000,385.00000003,402.85787573,378.80930001,407.91799999,10516.92480948,83
178,10363024,2016-01-25 07:00:00.000000,404.82937107,391.17000081,384.90950034,406.80087625,18108.31186502,83
179,10363025,2016-01-26 07:00:00.000000,390.26000002,395.11999999,384.90950034,399.65700001,15647.27354435,83
180,10363026,2016-01-27 07:00:00.000000,387.79,396,384.332,401.17609864,12979.7346639,83
181,10363027,2016-01-28 07:00:00.000000,391.19000101,378.0000001,374.68813274,391.19000101,11050.97176019,83
182,10363028,2016-01-29 07:00:00.000000,376.98,376.8600002,357.59046709,381.0000001,12980.18192613,83
183,10363029,2016-01-30 07:00:00.000000,378.94281121,378.66999987,371.2,380.5,1781.19602242,83
184,10363030,2016-01-31 07:00:00.000000,380.22999999,367.33999995,362.60000001,380.5,8407.72255208,83
185,10363031,2016-02-01 07:00:00.000000,367.33999991,370.45,360.5,380.09999995,13509.41891094,83
186,10363032,2016-02-02 07:00:00.000000,376.09,368.6900001,368.67145259,377.7777777,5604.44787387,83
187,10363033,2016-02-03 07:00:00.000000,368.81387894,358.52,351.8881965,373,9004.93684017,83
188,10363034,2016-02-04 07:00:00.000000,360.00002945,389.59999999,358.51,389.59999999,17028.530682,83
189,10363035,2016-02-05 07:00:00.000000,385.7773098,385.98899663,380.3530589,397.97511686,22708.10009319,83
190,10363036,2016-02-06 07:00:00.000000,388.18962933,377.63999823,371,388.18962933,15583.53414189,83
191,10363037,2016-02-07 07:00:00.000000,376.96999674,372.99999916,368.99999823,381.67419373,15932.59275596,83
192,10363038,2016-02-08 07:00:00.000000,372.99999916,369.65447893,369.09999999,379.00999997,6479.48321648,83
193,10363039,2016-02-09 07:00:00.000000,373.21999972,376.71518383,369.65451242,380.49,20723.32240604,83
194,10363040,2016-02-10 07:00:00.000000,376.98829552,382.97999999,364.1000001,385,37846.45175219,83
195,10363041,2016-02-11 07:00:00.000000,382.98,387.95,371.00000001,388.254,21454.516881,83
196,10363042,2016-02-12 07:00:00.000000,378.34879972,385,320,415.01869658,56849.66494514,83
197,10363043,2016-02-13 07:00:00.000000,384.31,391.98999996,380.31135223,397.99999998,44799.38904767,83
198,10363044,2016-02-14 07:00:00.000000,391.98999996,404.88887998,390.01050005,406.00000681,29671.13864735,83
199,10363045,2016-02-15 07:00:00.000000,398.00001134,403.8416231,397.59,408.7,40996.12487407,83
200,10363046,2016-02-16 07:00:00.000000,399.00000362,408.00000009,399.00000352,412.79999999,26228.93154111,83
201,10363047,2016-02-17 07:00:00.000000,411.49999999,413.50000048,399.55,426,48770.63843345,83
202,10363048,2016-02-18 07:00:00.000000,413.50000535,418.10000823,411,424.76999998,34912.88661748,83
203,10363049,2016-02-19 07:00:00.000000,420,417.00000354,413.00000001,424.8,14617.06581747,83
204,10363050,2016-02-20 07:00:00.000000,416.001,436.5100001,416.001,440,37972.04766773,83
205,10363051,2016-02-21 07:00:00.000000,436.99999009,441.00000442,420.48999982,445,35817.96966889,83
206,10363052,2016-02-22 07:00:00.000000,441.00000442,440,429.17,441.00000442,23594.55422733,83
207,10363053,2016-02-23 07:00:00.000000,440,416.10000178,413.42,440.00000001,60429.45297098,83
208,10363054,2016-02-24 07:00:00.000000,416.10000178,409.45245,405.99500043,425.09999896,39025.54904354,83
209,10363055,2016-02-25 07:00:00.000000,409.453,422.999999,384.02000001,425.70181751,77657.33776091,83
210,10363056,2016-02-26 07:00:00.000000,420,432.48000001,411.88900001,432.48000001,37088.59457624,83
211,10363057,2016-02-27 07:00:00.000000,429.00000552,425.52,421.00100001,434.99999,18908.51511429,83
212,10363058,2016-02-28 07:00:00.000000,430,432.84999997,380.99999,439.44,71879.58639651,83
213,10363059,2016-02-29 07:00:00.000000,431.55004679,436.1,431.55004679,441.30464888,30212.28504225,83
214,10363060,2016-03-01 07:00:00.000000,440,434.00000001,424.73000001,442.89999999,53433.06313699,83
215,10363061,2016-03-02 07:00:00.000000,432.3700057,425.98623253,422.13646503,438.9999999,35872.40546759,83
216,10363062,2016-03-03 07:00:00.000000,423.50910522,417.24,408.08999991,433.89,81434.40448315,83
217,10363063,2016-03-04 07:00:00.000000,422.499999,408.14999999,393.33,437.4944444,79482.19429671,83
218,10363064,2016-03-05 07:00:00.000000,400.40000001,392,378.88,410,129675.78057729,83
219,10363065,2016-03-06 07:00:00.000000,391.999,407.00000002,378.99,433,119132.11979732,83
220,10363066,2016-03-07 07:00:00.000000,407.00000002,409.9,401.7,420.02688172,62823.92444519,83
221,10363067,2016-03-08 07:00:00.000000,409.90000001,410.40000001,402.83042801,415.60594081,47787.9324513,83
222,10363068,2016-03-09 07:00:00.000000,410.40000001,404.4,401.00000003,415,82827.86906176,83
223,10363069,2016-03-10 07:00:00.000000,404,416.60126,402.25185002,419.9,64807.42080052,83
224,10363070,2016-03-11 07:00:00.000000,417.3,421.1,413.98,424.44475104,39582.40035558,83
225,10363071,2016-03-12 07:00:00.000000,421.09999999,410.5,406.57296965,422.06999999,118475.77071643,83
226,10363072,2016-03-13 07:00:00.000000,410.64106349,410.79,403,416.58836052,67860.07352421,83
227,10363073,2016-03-14 07:00:00.000000,403.88641349,411.95000001,385,420,174393.54265204,83
228,10363074,2016-03-15 07:00:00.000000,413.16000001,413.49000459,408.05,419.98956999,32758.04558617,83
229,10363075,2016-03-16 07:00:00.000000,413.49000459,418.1,409.48402084,419.9,39999.95745837,83
230,10363076,2016-03-17 07:00:00.000000,418.1,418.30999999,414.5,428.85247103,74062.69656392,83
231,10363077,2016-03-18 07:00:00.000000,418.30999999,404.91999981,395.00010001,421,149460.46486619,83
232,10363078,2016-03-19 07:00:00.000000,401.02100001,404.25730345,400,416.795,68209.42580957,83
233,10363079,2016-03-20 07:00:00.000000,409.22999976,409.98,404.26,415.71129614,39316.06686728,83
234,10363080,2016-03-21 07:00:00.000000,409.00000001,404.36491835,402.92,412.98,65750.7879139,83
235,10363081,2016-03-22 07:00:00.000000,406.56757875,414.99458,403.96155785,418.59410249,47490.18751185,83
236,10363082,2016-03-23 07:00:00.000000,414.99958,416.6,413.67326001,423,32499.02786897,83
237,10363083,2016-03-24 07:00:00.000000,416.6,418.8,414,423.81442871,57163.65425816,83
238,10363084,2016-03-25 07:00:00.000000,418.00000001,416.71542144,413.50108799,418.88,9248.62912324,83
239,10363085,2016-03-26 07:00:00.000000,415.47795858,418.32335169,413.93,420.59117429,23467.42120272,83
240,10363086,2016-03-27 07:00:00.000000,415.271,424.0852,415,428.99999996,50868.76451029,83
241,10363087,2016-03-28 07:00:00.000000,424.1252,425.39092016,420,428.75209124,48232.4741829,83
242,10363088,2016-03-29 07:00:00.000000,421.1000001,416.965,410,428.5,74052.5605586,83
243,10363089,2016-03-30 07:00:00.000000,416.965,414.3,410,420.499,106608.59953261,83
244,10363090,2016-03-31 07:00:00.000000,416.7734024,417,414.30000001,420.42259642,16043.0095792,83
245,10363091,2016-04-01 07:00:00.000000,416.0000001,418.2,416.0000001,420.04,12339.2326862,83
246,10363092,2016-04-02 07:00:00.000000,418.59,421.56301498,418.00000001,424,68343.11854222,83
247,10363093,2016-04-03 07:00:00.000000,419.91910001,423.99899758,419.91910001,424.5,65653.62855696,83
248,10363094,2016-04-04 07:00:00.000000,421.90816998,420.50000777,420.2,423.999,26764.47646093,83
249,10363095,2016-04-05 07:00:00.000000,422.80000782,424.15999996,420.20000007,425.887,32694.42101929,83
250,10363096,2016-04-06 07:00:00.000000,424.15999995,422.49957852,420.55,425.938118,35692.79788744,83
251,10363097,2016-04-07 07:00:00.000000,422.92250103,423.99999994,420.083,424.7050012,19851.51911763,83
252,10363098,2016-04-08 07:00:00.000000,421.96837823,419.00010005,418,426.5,54145.06645227,83
253,10363099,2016-04-09 07:00:00.000000,419.001,420.5,414.140001,426.7,55845.45172203,83
254,10363100,2016-04-10 07:00:00.000000,417.62721002,419.71930424,415.1500001,425,90353.82208384,83
255,10363101,2016-04-11 07:00:00.000000,419.71930424,422.75262835,419,424.77,16320.47263178,83
256,10363102,2016-04-12 07:00:00.000000,423.17538097,424.89,422.4,429.98,69844.33423397,83
257,10363103,2016-04-13 07:00:00.000000,426.5,425,423.24,427.5,29207.16247342,83
258,10363104,2016-04-14 07:00:00.000000,424.56576567,427.17996899,423.511,428.999,35223.39463007,83
259,10363105,2016-04-15 07:00:00.000000,427.1799692,430.61709605,424.81799693,437.30488611,28984.00151681,83
260,10363106,2016-04-16 07:00:00.000000,430.61709605,430.85,429.599999,436.34562405,20080.51611305,83
261,10363107,2016-04-17 07:00:00.000000,431.43100004,428,426,438.79118705,71854.77239978,83
262,10363108,2016-04-18 07:00:00.000000,428.81999999,430.31052983,427.2,432.8,46770.67435812,83
263,10363109,2016-04-19 07:00:00.000000,428.7,437.93750001,427.28621864,440.53415106,30095.27729175,83
264,10363110,2016-04-20 07:00:00.000000,437.93750002,443.12202632,434.15442601,448.54054299,41707.7556308,83
265,10363111,2016-04-21 07:00:00.000000,443.12202632,450.79900002,440.74000012,459.24500033,67739.88195091,83
266,10363112,2016-04-22 07:00:00.000000,450.79900455,447.539519,445.63418304,456.74703717,64890.05616896,83
267,10363113,2016-04-23 07:00:00.000000,449.28214327,453.11,446.62111001,454.82827541,29399.15866886,83
268,10363114,2016-04-24 07:00:00.000000,453.11,460.90144101,451,464.38504995,28173.24466087,83
269,10363115,2016-04-25 07:00:00.000000,460.90144101,465,456.55000001,474.06891535,60588.22044081,83
270,10363116,2016-04-26 07:00:00.000000,463.9,467.75,463.223,472.47999999,49164.7279618,83
271,10363117,2016-04-27 07:00:00.000000,467.75,443.02499607,443,469,105687.34272316,83
272,10363118,2016-04-28 07:00:00.000000,443.02499607,451,421.91,451.1,57940.84010883,83
273,10363119,2016-04-29 07:00:00.000000,451,455.94999999,445,484.484,34717.63027737,83
274,10363120,2016-04-30 07:00:00.000000,454.95450011,445.68435605,440.01,456.456,43524.47236297,83
275,10363121,2016-05-01 07:00:00.000000,445.68435605,446.99655141,442.0272721,455.2,20456.72330922,83
276,10363122,2016-05-02 07:00:00.000000,447.4470001,445,425.9,451.19999999,75384.13459414,83
277,10363123,2016-05-03 07:00:00.000000,445.00000446,450.858,440.2,450.9,22492.52913576,83
278,10363124,2016-05-04 07:00:00.000000,447.80000029,449.48999999,444.21390929,450.858,6435.24781342,83
279,10363125,2016-05-05 07:00:00.000000,445,446.1200002,444.54430455,451.89,19991.11077085,83
280,10363126,2016-05-06 07:00:00.000000,446.12000071,461,444.47999995,463.04787573,30812.34317849,83
281,10363127,2016-05-07 07:00:00.000000,459.89000015,457.76002301,455.32799997,461.9999,25239.04319469,83
282,10363128,2016-05-08 07:00:00.000000,457.76002301,459,455.41,463,14279.29329401,83
283,10363129,2016-05-09 07:00:00.000000,459,463.226,456.06,465.07029999,12764.58349906,83
284,10363130,2016-05-10 07:00:00.000000,460.50000925,449.5,449.48999997,464.8342,28709.13615075,83
285,10363131,2016-05-11 07:00:00.000000,449.5,450.23617237,449.48999997,455.71900601,20983.73112006,83
286,10363132,2016-05-12 07:00:00.000000,453.53999998,454.44000449,448.09,455.06,19977.31893749,83
287,10363133,2016-05-13 07:00:00.000000,454.44000904,453.37281795,450.13,457.98,22561.10049539,83
288,10363134,2016-05-14 07:00:00.000000,453.37281795,455.63002825,450,457.75,27114.7512498,83
289,10363135,2016-05-15 07:00:00.000000,455.63002825,459.15690131,454.26416333,463,26740.77420649,83
290,10363136,2016-05-16 07:00:00.000000,458,453.97511699,450.9,461.979999,46775.17480875,83
291,10363137,2016-05-17 07:00:00.000000,453.97511699,450.71421308,448.99999999,457.96737983,25510.06815936,83
292,10363138,2016-05-18 07:00:00.000000,453.5,447.98,443.80092386,456.69,71102.40400167,83
293,10363139,2016-05-19 07:00:00.000000,448.13000001,434.36388823,432.3333,454.89813585,96675.24782168,83
294,10363140,2016-05-20 07:00:00.000000,432.35,436.00000437,422.0071547,444.44444443,90187.04589928,83
295,10363141,2016-05-21 07:00:00.000000,436.00000874,435.35569089,418.17508636,440,53869.10433339,83
296,10363142,2016-05-22 07:00:00.000000,435.35569088,434.17000002,420,450,51438.68178118,83
297,10363143,2016-05-23 07:00:00.000000,434.17000002,441.27,430.00000001,444.97999999,31745.6864552,83
298,10363144,2016-05-24 07:00:00.000000,441.2700006,447.93890015,439.5000001,449,39450.44406213,83
299,10363145,2016-05-25 07:00:00.000000,446.99,445.26100055,444,453.35,29201.94786133,83
300,10363146,2016-05-26 07:00:00.000000,449.106,452,445,454.95834691,29263.18236875,83
301,10363147,2016-05-27 07:00:00.000000,452,460.00000005,450.76000448,477.85000015,179049.43162271,83
302,10363148,2016-05-28 07:00:00.000000,466.00811494,489,461,521,342700.04829804,83
303,10363149,2016-05-29 07:00:00.000000,491,525.20000331,480,551.00000005,345968.29122804,83
304,10363150,2016-05-30 07:00:00.000000,529.8419999,534.5,522.0149885,542.43419978,174162.68789993,83
305,10363151,2016-05-31 07:00:00.000000,537.99999998,529.99999,510.50000001,549,227226.83487321,83
306,10363152,2016-06-01 07:00:00.000000,529.9999999,535.5,517.28,541.99999999,203694.98466838,83
307,10363153,2016-06-02 07:00:00.000000,534.4530179,536.8725,531.78309789,539.83129126,75318.74626308,83
308,10363154,2016-06-03 07:00:00.000000,537,565.06714367,534.52000018,579,289992.08168272,83
309,10363155,2016-06-04 07:00:00.000000,565.1171004,574.49999999,560.00000003,592.17,263136.44789051,83
310,10363156,2016-06-05 07:00:00.000000,573,577.59999985,570,583.5,79908.90825906,83
311,10363157,2016-06-06 07:00:00.000000,577.01,584.00999998,574.06772283,586.01,92130.47835135,83
312,10363158,2016-06-07 07:00:00.000000,584.00999998,576,560.102,589,163525.70310898,83
313,10363159,2016-06-08 07:00:00.000000,578,583.12345678,569.1,583.12345678,52595.21104132,83
314,10363160,2016-06-09 07:00:00.000000,580.00003756,579.96999999,567.62649842,582.46999999,52841.78115776,83
315,10363161,2016-06-10 07:00:00.000000,576,579.13,573,579.99999999,50429.56938489,83
316,10363162,2016-06-11 07:00:00.000000,579.13,597,579.13,597,93658.1857426,83
317,10363163,2016-06-12 07:00:00.000000,597,666.96500001,594,683,504576.05826483,83
318,10363164,2016-06-13 07:00:00.000000,666.96500001,693,653.57765611,700.64880369,716875.95441873,83
319,10363165,2016-06-14 07:00:00.000000,691.99999999,674,585,698.9,1013464.8695996,83
320,10363166,2016-06-15 07:00:00.000000,672.54241495,691.999,662.33,697.546,375147.26561355,83
321,10363167,2016-06-16 07:00:00.000000,691.999,764,690.50989865,774.767,1064094.8533995,83
322,10363168,2016-06-17 07:00:00.000000,764,747,687.01,770.99999999,2372250.7186427,83
323,10363169,2016-06-18 07:00:00.000000,747.00000001,757.89000001,705,788.899999,1518681.2809665,83
324,10363170,2016-06-19 07:00:00.000000,757.89000001,763.419,741.019,775,622609.84965282,83
325,10363171,2016-06-20 07:00:00.000000,763.41899999,728.99999999,720.1,767,965227.01347185,83
326,10363172,2016-06-21 07:00:00.000000,723,668.50015,639.7,727.37099934,2234073.8425834,83
327,10363173,2016-06-22 07:00:00.000000,667.909,592.296,580,700.68280717,1758227.105393,83
328,10363174,2016-06-23 07:00:00.000000,592.296,634.67,555.1,649,1827667.6445977,83
329,10363175,2016-06-24 07:00:00.000000,634.67,660,630.50000012,687.48000001,1596492.1842475,83
330,10363176,2016-06-25 07:00:00.000000,665,663.45016787,640.02000001,710.00000001,953516.81540185,83
331,10363177,2016-06-26 07:00:00.000000,668.693,630,616.3810001,671.86199999,513858.37816416,83
332,10363178,2016-06-27 07:00:00.000000,630,656.66666666,621.01,656.66666666,360764.61106568,83
333,10363179,2016-06-28 07:00:00.000000,656.66666666,649.48524687,638,661.19993856,482132.01022492,83
334,10363180,2016-06-29 07:00:00.000000,648.43799993,637.5,616.6,648.62251249,401964.62064057,83
335,10363181,2016-06-30 07:00:00.000000,637.34850013,675.50000002,633.00000001,683.22,575967.80298964,83
336,10363182,2016-07-01 07:00:00.000000,671,677,666.7459996,690.32099999,484663.10209184,83
337,10363183,2016-07-02 07:00:00.000000,674.89989999,705,674,707.06764424,318780.03916881,83
338,10363184,2016-07-03 07:00:00.000000,705,657.28399283,641.51,706.99,563630.90353567,83
339,10363185,2016-07-04 07:00:00.000000,661.00437,677.30000001,635,681.99999999,690804.38955522,83
340,10363186,2016-07-05 07:00:00.000000,681.79999999,669.41998679,660,681.99999999,378608.23601473,83
341,10363187,2016-07-06 07:00:00.000000,665.00300536,677,665.00300536,680.63300012,224417.56576945,83
342,10363188,2016-07-07 07:00:00.000000,676.07599998,638.6,594,680.6,1068913.7977128,83
343,10363189,2016-07-08 07:00:00.000000,638.601,667.00000001,634.2,667.00000001,538638.54894403,83
344,10363190,2016-07-09 07:00:00.000000,665.001,651.99999989,623,669.65,593459.47623218,83
345,10363191,2016-07-10 07:00:00.000000,651.99999991,648.53100024,638,652,169653.32029482,83
346,10363192,2016-07-11 07:00:00.000000,650,648.02000649,645.0131,664.48,366451.59615726,83
347,10363193,2016-07-12 07:00:00.000000,648.02000649,666.66666666,645,678,321271.44365402,83
348,10363194,2016-07-13 07:00:00.000000,666.66666702,657.24999998,654,672.06099999,207745.44389853,83
349,10363195,2016-07-14 07:00:00.000000,655.24999998,659.50978497,651,669.9,218290.45754725,83
350,10363196,2016-07-15 07:00:00.000000,659.51,665.96077199,658,677.98,198798.39342965,83
351,10363197,2016-07-16 07:00:00.000000,668.39999987,667.47426499,659.95,672.8,148182.88447273,83
352,10363198,2016-07-17 07:00:00.000000,666.57426402,685,664.00000051,690,162614.5747232,83
353,10363199,2016-07-18 07:00:00.000000,685,676.953,668.325,686.68699479,375811.84732583,83
354,10363200,2016-07-19 07:00:00.000000,676.953,676.49999989,667.90000001,677.90999481,240125.97655618,83
355,10363201,2016-07-20 07:00:00.000000,676.33999481,667.23788745,661.55500001,677.41999477,178461.82072876,83
356,10363202,2016-07-21 07:00:00.000000,666.1200052,663.98300519,659.86262502,669.00298217,117382.71862675,83
357,10363203,2016-07-22 07:00:00.000000,664.01000519,646.75499481,641.30499564,670,376350.814651,83
358,10363204,2016-07-23 07:00:00.000000,647.595,656.6399948,644.1210053,658.21735,181302.3808553,83
359,10363205,2016-07-24 07:00:00.000000,654,664.49999833,651,667.09096814,402297.46062976,83
360,10363206,2016-07-25 07:00:00.000000,664.99999999,653,650.37997536,664.99999999,178546.50988444,83
361,10363207,2016-07-26 07:00:00.000000,653,655.08851717,639.51,662.01070364,660817.33277904,83
362,10363208,2016-07-27 07:00:00.000000,651.66600519,657.99999999,642,661.000009,234900.37798894,83
363,10363209,2016-07-28 07:00:00.000000,656.30001,656.34100519,654.00000013,659.5,44842.00640919,83
364,10363210,2016-07-29 07:00:00.000000,658.1,657.99001516,653.56999481,661.94,98827.36706817,83
365,10363211,2016-07-30 07:00:00.000000,661.21999466,656.42000519,652.001,661.21999466,83940.54391403,83
366,10363212,2016-07-31 07:00:00.000000,656.42000519,624.84499481,616.88400325,656.74701,518136.66642903,83
367,10363213,2016-08-01 07:00:00.000000,621.11001143,610.04999481,602.07155041,630.04001521,967261.73222139,83
368,10363214,2016-08-02 07:00:00.000000,605.01000519,531.60000008,462.94999479,616.7439333,3248971.6025291,83
369,10363215,2016-08-03 07:00:00.000000,531.60000008,566.18900527,511.073869,590,2149258.2379152,83
370,10363216,2016-08-04 07:00:00.000000,566.22900523,581.04100001,566.22900523,595.34100603,1041142.548837,83
371,10363217,2016-08-05 07:00:00.000000,581.04101016,574.75600001,569.000031,584.97999998,312077.75230956,83
372,10363218,2016-08-06 07:00:00.000000,574.99999999,582.53300002,563.001,592.001,524834.19440544,83
373,10363219,2016-08-07 07:00:00.000000,586.31999465,602.00004615,584.86400001,625,704568.22283066,83
374,10363220,2016-08-08 07:00:00.000000,602.00005616,597.99999899,591.78361695,613.34653466,348890.6146654,83
375,10363221,2016-08-09 07:00:00.000000,597.99999898,602.00001069,586.0000005,625.29967988,864945.24066901,83
376,10363222,2016-08-10 07:00:00.000000,602.00001067,594.68600519,590.00000001,619,722794.02353432,83
377,10363223,2016-08-11 07:00:00.000000,597.88499477,589.24000523,585.03,605.51249999,576238.32334481,83
378,10363224,2016-08-12 07:00:00.000000,589.01000077,587.04601803,582.6286338,603.21,439698.10930945,83
379,10363225,2016-08-13 07:00:00.000000,587.04601803,583.53000526,583.1,592.01916177,180267.94500036,83
380,10363226,2016-08-14 07:00:00.000000,585.60598364,567.998863,561.0001,585.60598364,611289.63355801,83
381,10363227,2016-08-15 07:00:00.000000,567.998863,565.7999886,561.01000001,598.875,429359.66774121,83
382,10363228,2016-08-16 07:00:00.000000,563.72220595,576.52023523,561.97999991,583.88999998,358097.22303074,83
383,10363229,2016-08-17 07:00:00.000000,576.52023522,574.85998412,566,580,266777.14028508,83
384,10363230,2016-08-18 07:00:00.000000,572.28900521,576.4709936,566,578.201,240698.904387,83
385,10363231,2016-08-19 07:00:00.000000,575.72953481,575.99006035,562.98575308,576.97628147,206821.74982274,83
386,10363232,2016-08-20 07:00:00.000000,575.00000111,581.99999999,570.31156601,584.0510751,204748.51369479,83
387,10363233,2016-08-21 07:00:00.000000,581.99999999,580.87500552,580.20000001,585.05,104998.96939323,83
388,10363234,2016-08-22 07:00:00.000000,580.87500552,588.38599481,578,594.98999999,499539.89856771,83
389,10363235,2016-08-23 07:00:00.000000,585.26300519,585.03999477,580.1,595,510550.87039172,83
390,10363236,2016-08-24 07:00:00.000000,585.03999477,583,578.50000001,589.81064312,247364.41754043,83
391,10363237,2016-08-25 07:00:00.000000,580.38000747,575.78999591,572.99999999,582.9899867,275660.25270053,83
392,10363238,2016-08-26 07:00:00.000000,575.00000122,578.97999795,574.05000008,585.92252841,277381.46506157,83
393,10363239,2016-08-27 07:00:00.000000,577.70001024,572.35799479,565.00000002,578.97999786,294008.561742,83
394,10363240,2016-08-28 07:00:00.000000,571.89799481,574.1719607,562.98575308,577.71735618,614303.30420393,83
395,10363241,2016-08-29 07:00:00.000000,574.17196075,573.6960052,570.6650052,589,879169.92209996,83
396,10363242,2016-08-30 07:00:00.000000,576.79999407,579.96000001,572.42180328,584.31999999,334361.12129914,83
397,10363243,2016-08-31 07:00:00.000000,581.17,573.81003125,572.02874947,581.83825636,338189.67664701,83
398,10363244,2016-09-01 07:00:00.000000,573.81003398,574.34090776,570.16069518,577.57754404,369562.63090024,83
399,10363245,2016-09-02 07:00:00.000000,574.34090776,576.01000003,570,598.61000177,570336.41129238,83
400,10363246,2016-09-03 07:00:00.000000,578.22741293,610.41999481,560.33,614.99799999,1252396.3845254,83
401,10363247,2016-09-04 07:00:00.000000,608.00000045,610.65,600,620,664441.5109972,83
402,10363248,2016-09-05 07:00:00.000000,613.45999479,610.10000541,603.30830002,615,665842.37937781,83
403,10363249,2016-09-06 07:00:00.000000,611.41062641,614.74713894,608,616.9,421109.8418378,83
404,10363250,2016-09-07 07:00:00.000000,615.85017282,619.72886368,609.726108,623.9,591237.2764883,83
405,10363251,2016-09-08 07:00:00.000000,619.02213382,634.26777916,615.33010519,635.6916378,409016.24861557,83
406,10363252,2016-09-09 07:00:00.000000,632.34000001,627.00000002,621.1,634.8999947,297066.86814298,83
407,10363253,2016-09-10 07:00:00.000000,627.00000002,627.99998771,623.30000021,630,118418.74856049,83
408,10363254,2016-09-11 07:00:00.000000,627.99998771,610.51369403,591.66395154,635.95,526386.42356186,83
409,10363255,2016-09-12 07:00:00.000000,610.51369335,611.99999999,607.43117447,618,374215.31610929,83
410,10363256,2016-09-13 07:00:00.000000,611.99999999,614.00100015,608.4,620.6,447833.11665427,83
411,10363257,2016-09-14 07:00:00.000000,614.00100015,615.59957393,612.55,618.30045086,227947.75185436,83
412,10363258,2016-09-15 07:00:00.000000,613.10901111,612.6,609,616.62578322,322701.37031769,83
413,10363259,2016-09-16 07:00:00.000000,612.6,608.47603904,608,614.48979942,232030.92939536,83
414,10363260,2016-09-17 07:00:00.000000,610.46602794,608.99999997,605.99999359,612.01975329,127673.80353956,83
415,10363261,2016-09-18 07:00:00.000000,608.99999999,612.35478011,606.89544201,617.47,185760.76909168,83
416,10363262,2016-09-19 07:00:00.000000,613.99999484,609.00000008,608.12198402,614.71983807,180273.75970092,83
417,10363263,2016-09-20 07:00:00.000000,609.00000001,603,603,616.98079117,493177.6361842,83
418,10363264,2016-09-21 07:00:00.000000,603,597.49999999,593.2,605.50918039,409252.44123803,83
419,10363265,2016-09-22 07:00:00.000000,597.49999999,597.15000008,595.02200012,600,258328.09971823,83
420,10363266,2016-09-23 07:00:00.000000,597.15000008,604.1449957,596.1489746,605.31364962,366227.04318889,83
421,10363267,2016-09-24 07:00:00.000000,604.1449957,603.79999964,602,608,135880.1672356,83
422,10363268,2016-09-25 07:00:00.000000,603.02468725,601.89673437,598.68232627,605,89145.62463227,83
423,10363269,2016-09-26 07:00:00.000000,601.49999997,607.80651197,600.34170207,610,197249.52357375,83
424,10363270,2016-09-27 07:00:00.000000,609.99999589,606.04401133,603.02469015,610.94593703,175943.48845669,83
425,10363271,2016-09-28 07:00:00.000000,606.61782325,604.20000002,603.17306638,607.24597648,104636.81827439,83
426,10363272,2016-09-29 07:00:00.000000,604.20000002,607.39999791,604.2,608.7,109545.96595032,83
427,10363273,2016-09-30 07:00:00.000000,607.26333193,611.5050501,605.00050011,612,136738.12111239,83
428,10363274,2016-10-01 07:00:00.000000,611.50505008,613.62569006,610.90421062,616.99999999,178032.64097111,83
429,10363275,2016-10-02 07:00:00.000000,615.32319552,611.66651183,607.50050313,615.66734371,127511.5105981,83
430,10363276,2016-10-03 07:00:00.000000,611.34805554,612.99999628,609.17596586,614.85,152064.09267578,83
431,10363277,2016-10-04 07:00:00.000000,611.44150158,612.26038093,608.58724194,613.78464703,135190.05309981,83
432,10363278,2016-10-05 07:00:00.000000,612.26038076,613.05897033,608.58704168,616.99999999,295410.21837351,83
433,10363279,2016-10-06 07:00:00.000000,613.05897033,614.00957436,611.51469128,616.35952319,210280.96484423,83
434,10363280,2016-10-07 07:00:00.000000,612.20060007,617.53312308,611.2,621.88716005,157596.36290983,83
435,10363281,2016-10-08 07:00:00.000000,619.86992,620.49000058,617.00000001,623.72135462,154673.92444533,83
436,10363282,2016-10-09 07:00:00.000000,621.29999998,617.00000001,615.5562341,621.32345625,144299.04030983,83
437,10363283,2016-10-10 07:00:00.000000,617.1,618.75470275,615.55726872,621.329,164969.39432048,83
438,10363284,2016-10-11 07:00:00.000000,619.99996996,642.96999999,618.25000002,643.5,615160.31910817,83
439,10363285,2016-10-12 07:00:00.000000,640.11000232,636.00050012,635.1,643.99999999,224711.81617849,83
440,10363286,2016-10-13 07:00:00.000000,636.0103,639.37842931,635.20012345,642.65,146657.17331893,83
441,10363287,2016-10-14 07:00:00.000000,639.15772223,640,635.76290167,642.7128,114740.43466096,83
442,10363288,2016-10-15 07:00:00.000000,639.999999,640.99999999,639,646,107106.06479872,83
443,10363289,2016-10-16 07:00:00.000000,640.99999999,644.4626621,639.75980949,646.6,157178.59768438,83
444,10363290,2016-10-17 07:00:00.000000,642.27598394,640.60279395,639.000001,646.6,531398.45134324,83
445,10363291,2016-10-18 07:00:00.000000,640.59878151,637,631.80876656,641.99999998,120703.9519177,83
446,10363292,2016-10-19 07:00:00.000000,637,632.53240637,626.05,641.94485909,231553.26171886,83
447,10363293,2016-10-20 07:00:00.000000,631.97998091,633.64964643,626.91,636.18943575,102001.98492524,83
448,10363294,2016-10-21 07:00:00.000000,633.64703413,632.88658111,630.48413396,637.16989999,67531.88181105,83
449,10363295,2016-10-22 07:00:00.000000,633.6,663,632.56031148,670.87468175,396924.45344407,83
450,10363296,2016-10-23 07:00:00.000000,662.70484868,658,655.01000003,669.02920717,216651.44499727,83
451,10363297,2016-10-24 07:00:00.000000,658,655.6,653,659.37826053,75592.35476123,83
452,10363298,2016-10-25 07:00:00.000000,655.00000001,658.48960538,652.96513003,666,233041.77911723,83
453,10363299,2016-10-26 07:00:00.000000,660.80550202,677.75246256,658.01810158,685.58889338,407044.62690663,83
454,10363300,2016-10-27 07:00:00.000000,677.75246256,688.90999999,675.1,689,415024.86753744,83
455,10363301,2016-10-28 07:00:00.000000,688.37474674,692.69796292,683.27333681,695,465447.39862917,83
456,10363302,2016-10-29 07:00:00.000000,692.39331469,713.14687271,691.23743598,724.5360206,1027083.2714664,83
457,10363303,2016-10-30 07:00:00.000000,713.15687271,702.10000142,695.14000258,716.21000062,682354.9917384,83
458,10363304,2016-10-31 07:00:00.000000,702.10000141,702.70116079,688,712.03122342,611620.33793933,83
459,10363305,2016-11-01 07:00:00.000000,702.7011555,734.96999879,700,744.60000001,1075941.3457445,83
460,10363306,2016-11-02 07:00:00.000000,734.88999996,747.79999999,723.86556408,748.9,495284.05693187,83
461,10363307,2016-11-03 07:00:00.000000,747.8,690.777557,674.1323,751.002387,1514572.967766,83
462,10363308,2016-11-04 07:00:00.000000,690.777557,708.73999977,684.44742857,712.83600687,449322.54825664,83
463,10363309,2016-11-05 07:00:00.000000,705.54914936,709.02999479,700,711.8,255763.89081467,83
464,10363310,2016-11-06 07:00:00.000000,708.99999947,712.37936,701.35,721.90579101,420875.97907032,83
465,10363311,2016-11-07 07:00:00.000000,712.37935984,705.453,698.91028213,714.99999751,264740.29015671,83
466,10363312,2016-11-08 07:00:00.000000,705.478,713.1480179,702.68039594,716,381995.64864273,83
467,10363313,2016-11-09 07:00:00.000000,713.1480179,723.49652225,709.42981963,743.12345678,1091849.5342245,83
468,10363314,2016-11-10 07:00:00.000000,724.9999457,716.89999719,710.01,727.07499999,328712.59789478,83
469,10363315,2016-11-11 07:00:00.000000,716.89999659,718.70645592,709.60421896,722.85815314,316613.37604502,83
470,10363316,2016-11-12 07:00:00.000000,718.70645592,705.0429297,699.07659926,720,310152.97434131,83
471,10363317,2016-11-13 07:00:00.000000,705.0429297,700.10507388,681.7228,706.99999041,548329.64844762,83
472,10363318,2016-11-14 07:00:00.000000,702.23999999,707.35,695,710.73657611,253720.71418093,83
473,10363319,2016-11-15 07:00:00.000000,705.46838108,710.3,705.42398115,717.90021102,221195.89030656,83
474,10363320,2016-11-16 07:00:00.000000,713,743.42655325,709.05,751.002387,777829.39066716,83
475,10363321,2016-11-17 07:00:00.000000,743.43000001,739.5,735,757.00695209,615579.43548796,83
476,10363322,2016-11-18 07:00:00.000000,739.5,752.2,734.1,755,316235.07363038,83
477,10363323,2016-11-19 07:00:00.000000,752.2,750.92000083,740,759,235718.4358395,83
478,10363324,2016-11-20 07:00:00.000000,750.92000083,732.00000001,715.65000002,757,518551.70084572,83
479,10363325,2016-11-21 07:00:00.000000,733.97639343,738.60300615,730,742.68668396,128153.50962135,83
480,10363326,2016-11-22 07:00:00.000000,740,748.17379309,731.58575284,751,357743.61596903,83
481,10363327,2016-11-23 07:00:00.000000,749.99999942,739.31710591,731.00000001,751,336861.3973458,83
482,10363328,2016-11-24 07:00:00.000000,742.35948016,737.70763551,728.28980075,745.00766316,332450.55241014,83
483,10363329,2016-11-25 07:00:00.000000,737.70763551,740.2053982,731.000002,740.2053982,205491.77469241,83
484,10363330,2016-11-26 07:00:00.000000,740.2053982,733.5,722.11138261,743,220043.15958653,83
485,10363331,2016-11-27 07:00:00.000000,733.0331055,729.72890417,727.00000001,738.020211,150402.29921818,83
486,10363332,2016-11-28 07:00:00.000000,727.50000001,731.31003027,727.5,735.83998546,115833.08435189,83
487,10363333,2016-11-29 07:00:00.000000,732.03938313,731.2,728.1044379,735.35,183662.22804274,83
488,10363334,2016-11-30 07:00:00.000000,730.41813611,738.5,727.89328149,745.17857021,247364.19801423,83
489,10363335,2016-12-01 07:00:00.000000,741.65669308,755,738.91291171,755,298924.97925776,83
490,10363336,2016-12-02 07:00:00.000000,755,775.72553148,753.35383601,782.43814906,681502.6531367,83
491,10363337,2016-12-03 07:00:00.000000,775.72553148,764.25973783,756.77694722,776.77583641,215171.17470712,83
492,10363338,2016-12-04 07:00:00.000000,767.51537252,771.79799933,761.97280902,772.5,147413.03580885,83
493,10363339,2016-12-05 07:00:00.000000,771.79799904,753.3400001,747,772.963,552583.81949421,83
494,10363340,2016-12-06 07:00:00.000000,753.49999593,758.21022346,748.87310374,763.51700987,659929.99765167,83
495,10363341,2016-12-07 07:00:00.000000,757.81649032,766.08939045,753,770.5,307676.74539652,83
496,10363342,2016-12-08 07:00:00.000000,766.06890174,768.52004359,760,773,179679.54892006,83
497,10363343,2016-12-09 07:00:00.000000,767.50000008,769.22,765.59723565,774,131317.73087181,83
498,10363344,2016-12-10 07:00:00.000000,771.95860026,774.97999209,769.1741091,776,116041.50607748,83
499,10363345,2016-12-11 07:00:00.000000,773.5,768,753.25670245,774.97999993,321391.5481194,83
500,10363346,2016-12-12 07:00:00.000000,768,779.09999996,767.47912171,780,272349.94501553,83
501,10363347,2016-12-13 07:00:00.000000,778.88888888,776.60000001,766.52,786.70933342,288850.61484197,83
502,10363348,2016-12-14 07:00:00.000000,776.60000001,777,773.19018763,781.99800122,159777.67044361,83
503,10363349,2016-12-15 07:00:00.000000,778.33748831,777.00427907,776.00001001,781.99800089,106829.10901279,83
504,10363350,2016-12-16 07:00:00.000000,777.00427907,782.32000001,774,784.7850419,131496.90174501,83
505,10363351,2016-12-17 07:00:00.000000,782.32000001,794.12969577,781.36038303,794.12969878,206571.50523606,83
506,10363352,2016-12-18 07:00:00.000000,794.12969576,789.30083165,785.50168337,795,126332.60814694,83
507,10363353,2016-12-19 07:00:00.000000,789.5,793.17870645,786,794.999999,180525.45908135,83
508,10363354,2016-12-20 07:00:00.000000,792.78692173,801.99499865,789.49985085,804.03440219,281043.61953672,83
509,10363355,2016-12-21 07:00:00.000000,800.07815395,828.99,796.91935265,829.99626099,531600.06039932,83
510,10363356,2016-12-22 07:00:00.000000,828.99,860.79999999,826.224,869,784872.18662461,83
511,10363357,2016-12-23 07:00:00.000000,860.49999999,918.90561655,841.89484999,920,1787126.8542354,83
512,10363358,2016-12-24 07:00:00.000000,917.00000009,893.60966646,880,918.90561637,828606.1838204,83
513,10363359,2016-12-25 07:00:00.000000,893.54640164,896.35444823,850.88369341,899.48946432,1391652.2947241,83
514,10363360,2016-12-26 07:00:00.000000,895.99,902,886.3237195,916.48999999,807680.43774602,83
515,10363361,2016-12-27 07:00:00.000000,904.35,933.9368203,899.28789852,939.98603,1161298.0387156,83
516,10363362,2016-12-28 07:00:00.000000,933.99289512,980.5,932.52200217,984.49999999,1697988.8175672,83
517,10363363,2016-12-29 07:00:00.000000,980.24135135,974.75099999,950.48662063,983.53352975,1397035.0881137,83
518,10363364,2016-12-30 07:00:00.000000,971.10000019,958.94500534,925.4,977,1526415.6804604,83
519,10363365,2016-12-31 07:00:00.000000,958.94500534,966.17368384,946,967.51,408137.76637232,83
520,10363366,2017-01-01 07:00:00.000000,965.00000055,999.36463982,957.02,1008.54999326,1196868.2615889,83
521,10363367,2017-01-02 07:00:00.000000,999.92218873,1019.00000076,994.00000044,1034.32896003,1847781.3863449,83
522,10363368,2017-01-03 07:00:00.000000,1019.00000076,1037.1,1010,1042.02336482,1367241.145063,83
523,10363369,2017-01-04 07:00:00.000000,1037.1,1136,1035.9006986,1148,4139509.1591641,83
524,10363370,2017-01-05 07:00:00.000000,1134.10000001,998.8,882.01,1159.103,9624745.136866,83
525,10363371,2017-01-06 07:00:00.000000,998.8,896,870,1024.88,5718737.7427937,83
526,10363372,2017-01-07 07:00:00.000000,896,907.19047915,818.45971802,910.8275191,4446078.05007,83
527,10363373,2017-01-08 07:00:00.000000,907,916,891.1,939.65955395,2712345.5780679,83
528,10363374,2017-01-09 07:00:00.000000,916.41832969,902,880,916.41833046,1561326.5181909,83
529,10363375,2017-01-10 07:00:00.000000,903.00000001,907.1,898,915.83230945,783912.57744492,83
530,10363376,2017-01-11 07:00:00.000000,907.92945179,781.81160101,751,927.82810365,6522541.3315688,83
531,10363377,2017-01-12 07:00:00.000000,781.85160104,803.6952791,752.0102,832.87989967,3077949.3504498,83
532,10363378,2017-01-13 07:00:00.000000,805.00000361,826,776.02899497,830.59290797,2009714.1107619,83
533,10363379,2017-01-14 07:00:00.000000,827,817.47703098,801.97500223,836.04000001,1110991.2121731,83
534,10363380,2017-01-15 07:00:00.000000,817.47703099,818.7012449,805,823.498,732380.16398741,83
535,10363381,2017-01-16 07:00:00.000000,818.762,829.00000001,816,834.15680536,643792.21530256,83
536,10363382,2017-01-17 07:00:00.000000,829.00000001,902.70000066,827.75970935,908.53017772,2679383.2936977,83
537,10363383,2017-01-18 07:00:00.000000,902.27579339,886.20000033,850,912,1959863.3497482,83
538,10363384,2017-01-19 07:00:00.000000,886.20000054,900.23240036,883.3,906.999999,1219112.3879597,83
539,10363385,2017-01-20 07:00:00.000000,900.30000001,895,882.5432,902.42999999,841765.1320593,83
540,10363386,2017-01-21 07:00:00.000000,895.09971139,925.70599998,894.00000001,928.51849391,1397883.9921076,83
541,10363387,2017-01-22 07:00:00.000000,925.70599998,924.11939955,894.10010012,939.06071045,1567170.0554924,83
542,10363388,2017-01-23 07:00:00.000000,923.99,912.22165,912.22165,927.2351,1425305.1990417,83
543,10363389,2017-01-24 07:00:00.000000,912.22165,885.00000008,884.281,923,2149635.0546418,83
544,10363390,2017-01-25 07:00:00.000000,885.10000044,892.66777263,882.08,899.99,948855.91472975,83
545,10363391,2017-01-26 07:00:00.000000,892.66777263,914.09767069,892.66777263,918,997564.75311133,83
546,10363392,2017-01-27 07:00:00.000000,916.00000001,917.02745093,907.8,921.65,781208.90448862,83
547,10363393,2017-01-28 07:00:00.000000,917.43677492,918.58600386,909.9873,926,828333.82823408,83
548,10363394,2017-01-29 07:00:00.000000,918.99000001,914.9998,911.86040584,923,372564.31351804,83
549,10363395,2017-01-30 07:00:00.000000,913,918,911.16052226,920,327532.95255875,83
550,10363396,2017-01-31 07:00:00.000000,919.1191873,967.12176383,916.75,970,1647534.6170477,83
551,10363397,2017-02-01 07:00:00.000000,967.75582245,983,955.4,986,1644502.3348428,83
552,10363398,2017-02-02 07:00:00.000000,983,1007.99699708,968.2776983,1009.999999,2242695.7436829,83
553,10363399,2017-02-03 07:00:00.000000,1007.99699708,1015.04315425,989,1023,1960600.2894197,83
554,10363400,2017-02-04 07:00:00.000000,1015.87273408,1032.95,1002.23999999,1040,1587073.4294643,83
555,10363401,2017-02-05 07:00:00.000000,1033,1010,999,1034,1448222.4411524,83
556,10363402,2017-02-06 07:00:00.000000,1008.57261956,1021.20000021,1007.30000001,1025,560751.24025699,83
557,10363403,2017-02-07 07:00:00.000000,1022.69999279,1052.00000003,1020.60000001,1055.29399983,1102651.502685,83
558,10363404,2017-02-08 07:00:00.000000,1052.00000003,1050.98999999,1015,1069.06999999,2142753.4290729,83
559,10363405,2017-02-09 07:00:00.000000,1050.6,987.00000001,898.18028762,1077.99999998,6958597.5427829,83
560,10363406,2017-02-10 07:00:00.000000,988.23458713,995.29110341,901.99999995,1004.99,2487858.5801233,83
561,10363407,2017-02-11 07:00:00.000000,994,1000.50000023,984.1,1010,1135899.4264698,83
562,10363408,2017-02-12 07:00:00.000000,1000.50000023,996.50000001,991.57565803,1005,621557.99590675,83
563,10363409,2017-02-13 07:00:00.000000,996.50000001,995.11000001,975.85416898,1004.20000001,857268.01021427,83
564,10363410,2017-02-14 07:00:00.000000,995.11,1012.10000524,988.91109699,1019,1207110.3803025,83
565,10363411,2017-02-15 07:00:00.000000,1011.19293063,1014.83589839,1002.32721451,1018,680988.27254322,83
566,10363412,2017-02-16 07:00:00.000000,1011.6,1039.49925987,1011.6,1045,964262.69031022,83
567,10363413,2017-02-17 07:00:00.000000,1039.49925949,1053.67070767,1035.00000001,1063.58,1311452.8862116,83
568,10363414,2017-02-18 07:00:00.000000,1055.11944577,1057.7862231,1051.11500341,1070,919652.58777619,83
569,10363415,2017-02-19 07:00:00.000000,1059.219,1058.17262239,1045.00000001,1066.19785215,707934.47204595,83
570,10363416,2017-02-20 07:00:00.000000,1058.08301527,1094.71027735,1040.00755062,1095,1387040.9288178,83
571,10363417,2017-02-21 07:00:00.000000,1092.24051989,1127,1083.333,1133.55363963,2656343.1489539,83
572,10363418,2017-02-22 07:00:00.000000,1126.99999999,1126,1108.55,1138.9786543,1182696.1070597,83
573,10363419,2017-02-23 07:00:00.000000,1126.49999999,1188,1120,1195,1936980.772604,83
574,10363420,2017-02-24 07:00:00.000000,1186.16100001,1188.11048987,1107.51,1225,7018124.0659106,83
575,10363421,2017-02-25 07:00:00.000000,1188.11048987,1153,1129,1191.116,2634468.543102,83
576,10363422,2017-02-26 07:00:00.000000,1153,1179,1134,1189,1216121.1929504,83
577,10363423,2017-02-27 07:00:00.000000,1179,1192.2,1171.37648778,1199,1453567.9543164,83
578,10363424,2017-02-28 07:00:00.000000,1196.48999991,1185.00000201,1178.11,1208.092,2167634.1192595,83
579,10363425,2017-03-01 07:00:00.000000,1188.04216581,1234,1183.0000001,1234.48999999,3283736.1922137,83
580,10363426,2017-03-02 07:00:00.000000,1231.17972735,1258.43,1212.26243937,1279.50000001,5983817.1276341,83
581,10363427,2017-03-03 07:00:00.000000,1258.45,1287.95000001,1252.50000002,1294.97999998,4588433.685983,83
582,10363428,2017-03-04 07:00:00.000000,1287.00000002,1267.99999982,1235,1291.53675867,3571027.4701457,83
583,10363429,2017-03-05 07:00:00.000000,1261.30000071,1276.00290001,1241.0899,1280,2335489.4368149,83
584,10363430,2017-03-06 07:00:00.000000,1279.87999997,1274.3162846,1267.75010435,1287,1890269.727893,83
585,10363431,2017-03-07 07:00:00.000000,1274.69300001,1231.26,1169.05515973,1282,6024888.0375216,83
586,10363432,2017-03-08 07:00:00.000000,1231.250001,1146.00000025,1143.00000021,1243.64892872,6603168.4357802,83
587,10363433,2017-03-09 07:00:00.000000,1146.40800021,1192.91479877,1135,1210,5097344.1165313,83
588,10363434,2017-03-10 07:00:00.000000,1192.91479876,1113,1000,1365,18086024.287537,83
589,10363435,2017-03-11 07:00:00.000000,1109.99999989,1175.00999951,1105,1200.00000001,7782516.5421708,83
590,10363436,2017-03-12 07:00:00.000000,1174,1224.4,1166.72254864,1232.3,5703290.3993873,83
591,10363437,2017-03-13 07:00:00.000000,1224.4,1237,1171,1249.00000004,8987304.3675635,83
592,10363438,2017-03-14 07:00:00.000000,1236.99999999,1243.22313985,1220.5,1260,4361732.4270018,83
593,10363439,2017-03-15 07:00:00.000000,1247.94999989,1255.0099998,1241.58999971,1267.51000001,5010240.605003,83
594,10363440,2017-03-16 07:00:00.000000,1255.1099998,1166,1119.31,1265.20000004,14513281.784091,83
595,10363441,2017-03-17 07:00:00.000000,1166,1070,1052,1173.99999969,17732666.664374,83
596,10363442,2017-03-18 07:00:00.000000,1070,966.00000029,935,1095.07999999,20086872.733984,83
597,10363443,2017-03-19 07:00:00.000000,971.29066,1015.1,965.00000003,1063.456,12207329.511626,83
598,10363444,2017-03-20 07:00:00.000000,1014,1036.88000006,1010,1053.49999998,5606782.1918047,83
599,10363445,2017-03-21 07:00:00.000000,1036.88000006,1117.97999765,1034,1123.4,9763917.2938416,83
600,10363446,2017-03-22 07:00:00.000000,1117.97999764,1037.69999999,986.22000007,1118,11601986.923637,83
601,10363447,2017-03-23 07:00:00.000000,1034.82316026,1034.99999987,1002.52000002,1057.006,5107689.1201645,83
602,10363448,2017-03-24 07:00:00.000000,1034.99999983,942.51000039,930.1,1037.50588201,13381400.049497,83
603,10363449,2017-03-25 07:00:00.000000,946.79999997,971.95083163,888.98999998,980.08958297,13539527.463583,83
604,10363450,2017-03-26 07:00:00.000000,971.95083163,963.04740785,948.42378187,1008.49999999,8418519.6536257,83
605,10363451,2017-03-27 07:00:00.000000,966.99999999,1040.25000001,957.673528,1046.52104237,9665623.1186773,83
606,10363452,2017-03-28 07:00:00.000000,1042.70581575,1042.34645781,1015.5,1066,7787918.0691067,83
607,10363453,2017-03-29 07:00:00.000000,1042,1040,1008,1057.98,6149111.6021545,83
608,10363454,2017-03-30 07:00:00.000000,1040,1040.59908959,1022,1053.29999995,7528565.3023409,83
609,10363455,2017-03-31 07:00:00.000000,1040.59908959,1081.36295113,1036.79880654,1095,10672163.567536,83
610,10363456,2017-04-01 07:00:00.000000,1078.15705958,1095.87488705,1069.00000101,1107.11526922,6334579.8717233,83
611,10363457,2017-04-02 07:00:00.000000,1095,1106.63248382,1075,1140,17178718.541374,83
612,10363458,2017-04-03 07:00:00.000000,1107.797979,1151.2102033,1101.01,1161,17393398.7283,83
613,10363459,2017-04-04 07:00:00.000000,1151.2102033,1143.90818147,1122.38204087,1164.43609029,10546892.970701,83
614,10363460,2017-04-05 07:00:00.000000,1143.90818147,1139.99999994,1113.49769376,1147.88568475,10383414.545307,83
615,10363461,2017-04-06 07:00:00.000000,1137.2656011,1193.92000001,1137.23976888,1220,14807549.44844,83
616,10363462,2017-04-07 07:00:00.000000,1194.11636853,1197.58999997,1176.52610038,1208,9709020.7560589,83
617,10363463,2017-04-08 07:00:00.000000,1197.58999997,1189.68903824,1172.40000002,1207.76999999,5942459.3575465,83
618,10363464,2017-04-09 07:00:00.000000,1189.68903823,1216.54157433,1180.00000002,1227.32926696,7033619.5967046,83
619,10363465,2017-04-10 07:00:00.000000,1216.54157429,1219.49999999,1202,1228.99999993,4710062.2081547,83
620,10363466,2017-04-11 07:00:00.000000,1219.54999997,1235.99999901,1205.98,1246.17325885,4563138.8670314,83
621,10363467,2017-04-12 07:00:00.000000,1235.3121445,1227.00000044,1220.57,1240.24999996,6514305.7260039,83
622,10363468,2017-04-13 07:00:00.000000,1227.00000035,1186.00000004,1160.99998944,1240,9560771.8801522,83
623,10363469,2017-04-14 07:00:00.000000,1188.98989872,1207.5051791,1183.98989962,1221.73333333,5774865.9823952,83
624,10363470,2017-04-15 07:00:00.000000,1207.5051791,1194.54959853,1185.99999959,1218,4947169.9788501,83
625,10363471,2017-04-16 07:00:00.000000,1193.94839339,1212.5,1190.00000009,1217.00000001,3253026.4592128,83
626,10363472,2017-04-17 07:00:00.000000,1212.56,1238.99999999,1205.26,1240.48624047,7497021.9530006,83
627,10363473,2017-04-18 07:00:00.000000,1238.99999999,1268.04810031,1236.50000223,1279.99999999,9455075.6645271,83
628,10363474,2017-04-19 07:00:00.000000,1265,1262.88999999,1257.00000001,1293,6540119.5128344,83
629,10363475,2017-04-20 07:00:00.000000,1262.89,1306.65000023,1260,1328,8629088.8722415,83
630,10363476,2017-04-21 07:00:00.000000,1306.65000023,1328,1305.55,1334.99999999,6823843.60854,83
631,10363477,2017-04-22 07:00:00.000000,1328,1346,1291.63403611,1349,6871016.032421,83
632,10363478,2017-04-23 07:00:00.000000,1345.3667575,1352.19356875,1336.33991796,1366.9,7462767.432938,83
633,10363479,2017-04-24 07:00:00.000000,1352.19356875,1347.39901051,1325.95555477,1357.76054805,7107234.2429539,83
634,10363480,2017-04-25 07:00:00.000000,1346.86288997,1371.30000001,1341.0960042,1380.81459654,6630005.3390622,83
635,10363481,2017-04-26 07:00:00.000000,1372.98,1398.62832429,1364.65264554,1412.93003847,8147237.9505366,83
636,10363482,2017-04-27 07:00:00.000000,1398.62832429,1439.38101398,1390.00000009,1448.88882222,9877013.957389,83
637,10363483,2017-04-28 07:00:00.000000,1439.38101398,1413.29999998,1369.54757195,1450,12034818.981516,83
638,10363484,2017-04-29 07:00:00.000000,1413.29999997,1424.63835519,1404.1203479,1438,11151114.554715,83
639,10363485,2017-04-30 07:00:00.000000,1424.63835515,1435.08977391,1402,1442.75347154,9521701.9646241,83
640,10363486,2017-05-01 07:00:00.000000,1435.08977389,1529.99999999,1429.01149368,1585.16,20038395.802244,83
641,10363487,2017-05-02 07:00:00.000000,1529.99999999,1561.907,1510,1615.02380427,11571053.71835,83
642,10363488,2017-05-03 07:00:00.000000,1562.14433334,1615.62000002,1545.30940914,1628.88882222,15060856.611379,83
643,10363489,2017-05-04 07:00:00.000000,1615.62,1603.89857162,1515,1699.13,26329240.648002,83
644,10363490,2017-05-05 07:00:00.000000,1603.89857162,1543.4,1454.12233181,1663.9717299,32397184.731807,83
645,10363491,2017-05-06 07:00:00.000000,1543.40000001,1598.2058167,1540.34490983,1629.48,21397848.989857,83
646,10363492,2017-05-07 07:00:00.000000,1598.2058167,1620.15,1568,1657,30423501.191191,83
647,10363493,2017-05-08 07:00:00.000000,1621.99999994,1705.6743542,1609.99000001,1723.99999999,35687457.648562,83
648,10363494,2017-05-09 07:00:00.000000,1705.6743542,1758.51393978,1690.09940342,1813.8000001,31031382.589537,83
649,10363495,2017-05-10 07:00:00.000000,1758.89751477,1799.99999997,1705.1,1816.38960565,19590186.244489,83
650,10363496,2017-05-11 07:00:00.000000,1799.99999997,1860.10327257,1757.41238003,1900.99899995,23108792.967502,83
651,10363497,2017-05-12 07:00:00.000000,1857.5438325,1735.70623556,1704,1876.88899399,22671159.462042,83
652,10363498,2017-05-13 07:00:00.000000,1735.70623556,1822.18209573,1651.95470847,1828.56892521,15487324.079017,83
653,10363499,2017-05-14 07:00:00.000000,1822.18209573,1826,1776.777,1855,11894862.005852,83
654,10363500,2017-05-15 07:00:00.000000,1821.00000004,1771.09832331,1720,1835,17995978.976383,83
655,10363501,2017-05-16 07:00:00.000000,1774.4785105,1787.00000024,1719,1799.99,20535506.520349,83
656,10363502,2017-05-17 07:00:00.000000,1790.98999949,1872.99999994,1770.13994165,1897.9,25413098.858037,83
657,10363503,2017-05-18 07:00:00.000000,1872.99999999,1942.14469914,1852.28556046,1948,18368974.30046,83
658,10363504,2017-05-19 07:00:00.000000,1942.2612287,1966.99999984,1925.99999996,1994,21303398.31478,83
659,10363505,2017-05-20 07:00:00.000000,1966.9999998,2074.60645908,1959.94713601,2075.51461898,18428479.181757,83
660,10363506,2017-05-21 07:00:00.000000,2073,2030.99999999,1985,2099.99999999,19641402.589295,83
661,10363507,2017-05-22 07:00:00.000000,2030.99999996,2090.00000006,1975.19120351,2229.19999997,32492458.446294,83
662,10363508,2017-05-23 07:00:00.000000,2092.00000003,2244.89495691,2065,2245,23111448.180548,83
663,10363509,2017-05-24 07:00:00.000000,2244,2389.00000017,2220,2447.99999999,34548265.730881,83
664,10363510,2017-05-25 07:00:00.000000,2389.0000002,2210,2075.05493865,2698.36062429,71553361.438062,83
665,10363511,2017-05-26 07:00:00.000000,2210,2130.82794284,1928,2484.45555317,64314551.745563,83
666,10363512,2017-05-27 07:00:00.000000,2135.5,1972.76599998,1538,2205.56738819,92665867.003232,83
667,10363513,2017-05-28 07:00:00.000000,1971.62,2057.10000001,1850,2196,53655830.894775,83
668,10363514,2017-05-29 07:00:00.000000,2054.60213318,2207,1976.01000001,2252.3002892,33996389.987358,83
669,10363515,2017-05-30 07:00:00.000000,2207.00000001,2139.99999999,2050.5,2284,40157964.723235,83
670,10363516,2017-05-31 07:00:00.000000,2139.99999998,2196.99999967,2005.93937735,2240.50000002,32306413.202331,83
671,10363517,2017-06-01 07:00:00.000000,2196.99899999,2314.59525181,2171.08644538,2368.55663483,40944880.757948,83
672,10363518,2017-06-02 07:00:00.000000,2322.20898,2408,2267.9299436,2413.92321999,22364557.424392,83
673,10363519,2017-06-03 07:00:00.000000,2413,2455.30084836,2344.2680156,2482.25,23687278.961569,83
674,10363520,2017-06-04 07:00:00.000000,2460.22139999,2483.55,2374,2497.21329063,21332021.248219,83
675,10363521,2017-06-05 07:00:00.000000,2483.55,2635.35652085,2477.48999998,2635.35652085,22372229.837905,83
676,10363522,2017-06-06 07:00:00.000000,2635.00000005,2846,2580,2894.99999999,81923184.446165,83
677,10363523,2017-06-07 07:00:00.000000,2846.00000001,2645.50430872,2564,2862.54525257,49070430.356723,83
678,10363524,2017-06-08 07:00:00.000000,2645.50430872,2788,2558.9,2797.14511794,34013412.940554,83
679,10363525,2017-06-09 07:00:00.000000,2786.16326382,2816.09973687,2769.11589253,2850.99999949,25275425.99678,83
680,10363526,2017-06-10 07:00:00.000000,2813,2811.82022002,2760,2906.16026926,30620792.046735,83
681,10363527,2017-06-11 07:00:00.000000,2803.99990001,2937.1,2784.00000002,2977,30830678.595825,83
682,10363528,2017-06-12 07:00:00.000000,2937.1,2571.05013426,2300,2965,88704710.63544,83
683,10363529,2017-06-13 07:00:00.000000,2566.50556852,2676.77469678,2513.58496152,2750,42251296.767639,83
684,10363530,2017-06-14 07:00:00.000000,2671.00086237,2386.78070979,2273.1,2729.21,63183088.135901,83
685,10363531,2017-06-15 07:00:00.000000,2386.7807098,2374.46992685,2012,2459.85750006,104677533.97412,83
686,10363532,2017-06-16 07:00:00.000000,2374.46992799,2435.00000001,2240,2477.48703455,43479966.625069,83
687,10363533,2017-06-17 07:00:00.000000,2438.49136377,2607.14769572,2369.61451577,2640,36800919.715181,83
688,10363534,2017-06-18 07:00:00.000000,2607.14769572,2492.3,2408,2640.44856603,46411759.478332,83
689,10363535,2017-06-19 07:00:00.000000,2491.12119074,2583.04709526,2481.49782383,2596.3421559,28294406.623223,83
690,10363536,2017-06-20 07:00:00.000000,2584.99999992,2668.00000301,2563.73,2785.52657367,36903854.052626,83
691,10363537,2017-06-21 07:00:00.000000,2668.00000301,2620,2541.20794418,2775.81626497,43815656.010359,83
692,10363538,2017-06-22 07:00:00.000000,2624.90653876,2673.37636987,2544,2704.94331536,22304647.568062,83
693,10363539,2017-06-23 07:00:00.000000,2675.32267508,2670,2650,2720,13090231.864388,83
694,10363540,2017-06-24 07:00:00.000000,2670.881526,2503.48203847,2450.92370001,2687.99999999,34088563.732193,83
695,10363541,2017-06-25 07:00:00.000000,2503.4303456,2481.8117977,2359.10291486,2602.08518563,41560204.433619,83
696,10363542,2017-06-26 07:00:00.000000,2479.9,2395.28891992,2192.00000001,2508.92659464,73840480.752938,83
697,10363543,2017-06-27 07:00:00.000000,2393.38025002,2510,2168.333,2515.99999999,62426319.778939,83
698,10363544,2017-06-28 07:00:00.000000,2510,2513.00000002,2390.38105202,2560.79000002,39676839.183427,83
699,10363545,2017-06-29 07:00:00.000000,2517.99999998,2468.47472319,2398.9622295,2539.5783773,31738707.57099,83
700,10363546,2017-06-30 07:00:00.000000,2466.44776592,2423.6613876,2402.11,2510,22464915.807933,83
701,10363547,2017-07-01 07:00:00.000000,2423.66138761,2346.54237323,2284,2441.99999996,27320209.019652,83
702,10363548,2017-07-02 07:00:00.000000,2346,2435.14325217,2295.4139943,2465,24458197.645721,83
703,10363549,2017-07-03 07:00:00.000000,2438.58276941,2536.4577091,2417.54545454,2591.89899,32364235.437645,83
704,10363550,2017-07-04 07:00:00.000000,2535.69695163,2603.0000001,2530.01475643,2624.12345003,7872389.9394885,83
705,10363551,2017-07-05 07:00:00.000000,2579.9544137,2599.00010597,2480.61,2619.90012345,19375861.158388,83
706,10363552,2017-07-06 07:00:00.000000,2599.00014572,2589.9457086,2546.38790528,2605.44380335,13985440.225324,83
707,10363553,2017-07-07 07:00:00.000000,2587.05608579,2477,2423,2599.81347213,30327873.809744,83
708,10363554,2017-07-08 07:00:00.000000,2476.99999997,2549.27253246,2420,2549.27253246,22059814.777304,83
709,10363555,2017-07-09 07:00:00.000000,2549.27253246,2473.1147386,2470,2559,14494306.767811,83
710,10363556,2017-07-10 07:00:00.000000,2474.88862999,2316,2244,2499.59999999,45871920.07411,83
711,10363557,2017-07-11 07:00:00.000000,2316,2283.99552336,2183.00000001,2375.425162,57419123.935356,83
712,10363558,2017-07-12 07:00:00.000000,2283.99552336,2375.92499996,2195.00000004,2398.445,40112388.629013,83
713,10363559,2017-07-13 07:00:00.000000,2376,2336.01006582,2335.89999999,2400,10624213.108671,83
